[2026-05-13 03:12:43Z INFO HostContext] No proxy settings were found based on environmental variables (http_proxy/https_proxy/HTTP_PROXY/HTTPS_PROXY)
[2026-05-13 03:12:43Z INFO HostContext] Well known directory 'Bin': 'C:\Users\usuario\Downloads\Practica6Alumnos\Practica6Alumnos\actions-runner\bin'
[2026-05-13 03:12:43Z INFO HostContext] Well known directory 'Root': 'C:\Users\usuario\Downloads\Practica6Alumnos\Practica6Alumnos\actions-runner'
[2026-05-13 03:12:43Z INFO HostContext] Well known config file 'Credentials': 'C:\Users\usuario\Downloads\Practica6Alumnos\Practica6Alumnos\actions-runner\.credentials'
[2026-05-13 03:12:43Z INFO HostContext] Well known directory 'Bin': 'C:\Users\usuario\Downloads\Practica6Alumnos\Practica6Alumnos\actions-runner\bin'
[2026-05-13 03:12:43Z INFO HostContext] Well known directory 'Root': 'C:\Users\usuario\Downloads\Practica6Alumnos\Practica6Alumnos\actions-runner'
[2026-05-13 03:12:43Z INFO HostContext] Well known config file 'Runner': 'C:\Users\usuario\Downloads\Practica6Alumnos\Practica6Alumnos\actions-runner\.runner'
[2026-05-13 03:12:43Z INFO Worker] Version: 2.334.0
[2026-05-13 03:12:43Z INFO Worker] Commit: f1995ede5d885c997d13d8eca5467c4ce97fe69c
[2026-05-13 03:12:43Z INFO Worker] Culture: es-ES
[2026-05-13 03:12:43Z INFO Worker] UI Culture: es-ES
[2026-05-13 03:12:43Z INFO Worker] Waiting to receive the job message from the channel.
[2026-05-13 03:12:43Z INFO ProcessChannel] Receiving message of length 23062, with hash '45b1b78f336099e1a40c4ff5b35ff5838d05400228d06f9e450be00fa8a415ef'
[2026-05-13 03:12:43Z INFO Worker] Message received.
[2026-05-13 03:12:43Z INFO Worker] Job message:
 {
  "environmentVariables": [
    {
      "type": 2,
      "file": 1,
      "line": 13,
      "col": 3,
      "map": [
        {
          "key": {
            "type": 0,
            "file": 1,
            "line": 13,
            "col": 3,
            "lit": "DOCKERHUB_USERNAME"
          },
          "value": {
            "type": 3,
            "file": 1,
            "line": 13,
            "col": 23,
            "expr": "secrets.DOCKERHUB_USERNAME"
          }
        },
        {
          "key": {
            "type": 0,
            "file": 1,
            "line": 14,
            "col": 3,
            "lit": "IMAGE_NAME"
          },
          "value": {
            "type": 0,
            "file": 1,
            "line": 14,
            "col": 15,
            "lit": "practica7ips"
          }
        },
        {
          "key": {
            "type": 0,
            "file": 1,
            "line": 15,
            "col": 3,
            "lit": "K8S_DEPLOYMENT"
          },
          "value": {
            "type": 0,
            "file": 1,
            "line": 15,
            "col": 19,
            "lit": "springuma-deployment"
          }
        },
        {
          "key": {
            "type": 0,
            "file": 1,
            "line": 16,
            "col": 3,
            "lit": "K8S_NAMESPACE"
          },
          "value": {
            "type": 0,
            "file": 1,
            "line": 16,
            "col": 18,
            "lit": "default"
          }
        }
      ]
    }
  ],
  "fileTable": [
    ".github/workflows/ci-cd.yml"
  ],
  "mask": [
    {
      "type": "regex",
      "value": "***"
    },
    {
      "type": "regex",
      "value": "***"
    },
    {
      "type": "regex",
      "value": "***"
    },
    {
      "type": "regex",
      "value": "***"
    },
    {
      "type": "regex",
      "value": "***"
    },
    {
      "type": "regex",
      "value": "***"
    },
    {
      "type": "regex",
      "value": "***"
    },
    {
      "type": "regex",
      "value": "***"
    },
    {
      "type": "regex",
      "value": "***"
    },
    {
      "type": "regex",
      "value": "***"
    },
    {
      "type": "regex",
      "value": "***"
    },
    {
      "type": "regex",
      "value": "***"
    },
    {
      "type": "regex",
      "value": "***"
    },
    {
      "type": "regex",
      "value": "***"
    },
    {
      "type": "regex",
      "value": "***"
    },
    {
      "type": "regex",
      "value": "***"
    },
    {
      "type": "regex",
      "value": "***"
    },
    {
      "type": "regex",
      "value": "***"
    }
  ],
  "steps": [
    {
      "type": "action",
      "reference": {
        "type": "repository",
        "name": "actions/checkout",
        "ref": "v4",
        "repositoryType": "GitHub"
      },
      "displayNameToken": {
        "type": 0,
        "file": 1,
        "line": 103,
        "col": 15,
        "lit": "Checkout repository"
      },
      "contextName": "__actions_checkout",
      "condition": "success()",
      "id": "c1651528-d8d4-4d9d-ba45-6c067594cb2f",
      "name": "__actions_checkout"
    },
    {
      "type": "action",
      "reference": {
        "type": "script"
      },
      "displayNameToken": {
        "type": 0,
        "file": 1,
        "line": 108,
        "col": 15,
        "lit": "Update Deployment image tag"
      },
      "contextName": "__run",
      "inputs": {
        "type": 2,
        "map": [
          {
            "key": "script",
            "value": {
              "type": 3,
              "file": 1,
              "line": 109,
              "col": 14,
              "expr": "format('kubectl set image deployment/{0} \\\n  springuma={1}/{2}:{3} \\\n  --namespace {4}\n', env.K8S_DEPLOYMENT, env.DOCKERHUB_USERNAME, env.IMAGE_NAME, needs.build-and-push.outputs.sha_tag, env.K8S_NAMESPACE)"
            }
          }
        ]
      },
      "condition": "success()",
      "id": "7162b16a-fd5c-4be4-9fbd-feff40614cb3",
      "name": "__run"
    },
    {
      "type": "action",
      "reference": {
        "type": "script"
      },
      "displayNameToken": {
        "type": 0,
        "file": 1,
        "line": 115,
        "col": 15,
        "lit": "Apply Kubernetes manifests"
      },
      "contextName": "__run_2",
      "inputs": {
        "type": 2,
        "map": [
          {
            "key": "script",
            "value": {
              "type": 3,
              "file": 1,
              "line": 116,
              "col": 14,
              "expr": "format('kubectl apply -f k8s/deployment.yaml --namespace {0}\nkubectl apply -f k8s/service.yaml    --namespace {1}\n', env.K8S_NAMESPACE, env.K8S_NAMESPACE)"
            }
          }
        ]
      },
      "condition": "success()",
      "id": "f3e039ff-c5ce-4bd2-9449-86bf9f7451de",
      "name": "__run_2"
    },
    {
      "type": "action",
      "reference": {
        "type": "script"
      },
      "displayNameToken": {
        "type": 0,
        "file": 1,
        "line": 121,
        "col": 15,
        "lit": "Wait for rollout to complete"
      },
      "contextName": "__run_3",
      "inputs": {
        "type": 2,
        "map": [
          {
            "key": "script",
            "value": {
              "type": 3,
              "file": 1,
              "line": 122,
              "col": 14,
              "expr": "format('kubectl rollout status deployment/{0} \\\n  --namespace {1} \\\n  --timeout=180s\n', env.K8S_DEPLOYMENT, env.K8S_NAMESPACE)"
            }
          }
        ]
      },
      "condition": "success()",
      "id": "517c82c3-f636-4226-a2d3-e3b3c802a31d",
      "name": "__run_3"
    },
    {
      "type": "action",
      "reference": {
        "type": "script"
      },
      "displayNameToken": {
        "type": 0,
        "file": 1,
        "line": 128,
        "col": 15,
        "lit": "Show deployment status"
      },
      "contextName": "__run_4",
      "inputs": {
        "type": 2,
        "map": [
          {
            "key": "script",
            "value": {
              "type": 3,
              "file": 1,
              "line": 129,
              "col": 14,
              "expr": "format('echo \"════════════════════════════════════════\"\necho \"  ✅ Deploy completado\"\necho \"════════════════════════════════════════\"\necho \"\"\necho \"  📦 Pods en ejecución:\"\nkubectl get pods -l app=springuma --namespace {0}\necho \"\"\necho \"  🌐 Service expuesto:\"\nkubectl get svc springuma-service --namespace {1}\necho \"\"\necho \"  🏷️  Imagen desplegada:\"\nkubectl describe deployment/{2} \\\n  --namespace {3} | grep \"Image:\"\necho \"════════════════════════════════════════\"\n', env.K8S_NAMESPACE, env.K8S_NAMESPACE, env.K8S_DEPLOYMENT, env.K8S_NAMESPACE)"
            }
          }
        ]
      },
      "condition": "success()",
      "id": "8c3e4983-ac78-4deb-b1ac-caddad9a37a7",
      "name": "__run_4"
    }
  ],
  "variables": {
    "Actions.EnableHttpRedirects": {
      "value": "true"
    },
    "DOCKERHUB_USERNAME": {
      "value": "***",
      "isSecret": true
    },
    "DistributedTask.AddWarningToNode12Action": {
      "value": "true"
    },
    "DistributedTask.AddWarningToNode16Action": {
      "value": "true"
    },
    "DistributedTask.AllowRunnerContainerHooks": {
      "value": "true"
    },
    "DistributedTask.DeprecateStepOutputCommands": {
      "value": "true"
    },
    "DistributedTask.DetailUntarFailure": {
      "value": "true"
    },
    "DistributedTask.EnableCompositeActions": {
      "value": "true"
    },
    "DistributedTask.EnableJobServerQueueTelemetry": {
      "value": "true"
    },
    "DistributedTask.EnhancedAnnotations": {
      "value": "true"
    },
    "DistributedTask.ForceGithubJavascriptActionsToNode16": {
      "value": "true"
    },
    "DistributedTask.ForceGithubJavascriptActionsToNode20": {
      "value": "true"
    },
    "DistributedTask.LogTemplateErrorsAsDebugMessages": {
      "value": "true"
    },
    "DistributedTask.MarkJobAsFailedOnWorkerCrash": {
      "value": "true"
    },
    "DistributedTask.NewActionMetadata": {
      "value": "true"
    },
    "DistributedTask.UploadStepSummary": {
      "value": "true"
    },
    "DistributedTask.UseActionArchiveCache": {
      "value": "true"
    },
    "DistributedTask.UseWhich2": {
      "value": "true"
    },
    "RunService.FixEmbeddedIssues": {
      "value": "true"
    },
    "actions.runner.requirenode24": {
      "value": "false"
    },
    "actions.runner.usenode24bydefault": {
      "value": "false"
    },
    "actions.runner.warnonnode20": {
      "value": "true"
    },
    "actions_add_check_run_id_to_job_context": {
      "value": "true"
    },
    "actions_batch_action_resolution": {
      "value": "false"
    },
    "actions_container_action_runner_temp": {
      "value": "true"
    },
    "actions_display_helpful_actions_download_errors": {
      "value": "true"
    },
    "actions_runner_compare_workflow_parser": {
      "value": "false"
    },
    "actions_runner_deprecate_linux_arm32": {
      "value": "false"
    },
    "actions_runner_emit_composite_markers": {
      "value": "false"
    },
    "actions_runner_kill_linux_arm32": {
      "value": "false"
    },
    "actions_runner_node20_removal_date": {
      "value": ""
    },
    "actions_runner_node24_default_date": {
      "value": ""
    },
    "actions_service_container_command": {
      "value": "true"
    },
    "actions_set_orchestration_id_env_for_actions": {
      "value": "true"
    },
    "actions_skip_retry_complete_job_upon_known_errors": {
      "value": "true"
    },
    "actions_snapshot_preflight_hosted_runner_check": {
      "value": "false"
    },
    "actions_snapshot_preflight_image_gen_pool_check": {
      "value": "false"
    },
    "actions_use_bearer_token_for_codeload": {
      "value": "false"
    },
    "actions_uses_cache_service_v2": {
      "value": "true"
    },
    "github_token": {
      "value": "***",
      "isSecret": true
    },
    "system.from_run_service": {
      "value": "true"
    },
    "system.github.job": {
      "value": "deploy"
    },
    "system.github.launch_endpoint": {
      "value": "https://launch.actions.githubusercontent.com"
    },
    "system.github.results_endpoint": {
      "value": "https://results-receiver.actions.githubusercontent.com/"
    },
    "system.github.results_upload_with_sdk": {
      "value": "true"
    },
    "system.github.token": {
      "value": "***",
      "isSecret": true
    },
    "system.github.token.permissions": {
      "value": "{\"Contents\":\"read\",\"Metadata\":\"read\",\"Packages\":\"read\"}"
    },
    "system.orchestrationId": {
      "value": "41b84b2e-6ea6-4c01-b213-066fe4a3dfce.deploy.__default"
    },
    "system.phaseDisplayName": {
      "value": "🚀 Deploy to Kubernetes"
    },
    "system.runner.lowdiskspacethreshold": {
      "value": "100"
    },
    "system.runnerEnvironment": {
      "value": "self-hosted"
    },
    "system.runnerGroupName": {
      "value": "Default"
    }
  },
  "messageType": "RunnerJobRequest",
  "plan": {
    "scopeIdentifier": "00000000-0000-0000-0000-000000000000",
    "planType": "actions",
    "version": 0,
    "planId": "41b84b2e-6ea6-4c01-b213-066fe4a3dfce",
    "planGroup": null,
    "artifactUri": null,
    "artifactLocation": null,
    "definition": null,
    "owner": null
  },
  "timeline": {
    "id": "41b84b2e-6ea6-4c01-b213-066fe4a3dfce",
    "changeId": 0,
    "location": null
  },
  "jobId": "666059a0-8dba-5b8b-97cc-17442a980b66",
  "jobDisplayName": "🚀 Deploy to Kubernetes",
  "jobName": "__default",
  "requestId": 0,
  "lockedUntil": "0001-01-01T00:00:00",
  "resources": {
    "endpoints": [
      {
        "data": {
          "ServerId": "",
          "ServerName": "",
          "CacheServerUrl": "https://artifactcache.actions.githubusercontent.com/6dHovpnwvSKrF63NncOfwl9xcoolgFzs1e7nsv0P5791uqeciC/",
          "FeedStreamUrl": "wss://results-receiver.actions.githubusercontent.com/_ws/ingest.sock",
          "ResultsServiceUrl": "https://results-receiver.actions.githubusercontent.com/",
          "PipelinesServiceUrl": "https://pipelinesghubeus22.actions.githubusercontent.com/6dHovpnwvSKrF63NncOfwl9xcoolgFzs1e7nsv0P5791uqeciC/",
          "GenerateIdTokenUrl": "",
          "ConnectivityChecks": "[\"https://broker.actions.githubusercontent.com/health\",\"https://token.actions.githubusercontent.com/ready\",\"https://run.actions.githubusercontent.com/health\"]"
        },
        "name": "SystemVssConnection",
        "url": "https://run-actions-1-azure-eastus.actions.githubusercontent.com/183/",
        "authorization": {
          "parameters": {
            "AccessToken": "***"
          },
          "scheme": "OAuth"
        },
        "isShared": false,
        "isReady": true
      }
    ]
  },
  "contextData": {
    "github": {
      "t": 2,
      "d": [
        {
          "k": "ref",
          "v": "refs/heads/main"
        },
        {
          "k": "sha",
          "v": "1d611365e62cb74439c0a02870732f3737017f17"
        },
        {
          "k": "repository",
          "v": "***/Practica7IPS"
        },
        {
          "k": "repository_owner",
          "v": "***"
        },
        {
          "k": "repository_owner_id",
          "v": "148168212"
        },
        {
          "k": "repositoryUrl",
          "v": "git://github.com/***/Practica7IPS.git"
        },
        {
          "k": "run_id",
          "v": "25775907971"
        },
        {
          "k": "run_number",
          "v": "7"
        },
        {
          "k": "retention_days",
          "v": "90"
        },
        {
          "k": "run_attempt",
          "v": "1"
        },
        {
          "k": "artifact_cache_size_limit",
          "v": "10"
        },
        {
          "k": "repository_visibility",
          "v": "public"
        },
        {
          "k": "actor_id",
          "v": "148168212"
        },
        {
          "k": "actor",
          "v": "***"
        },
        {
          "k": "workflow",
          "v": "CI/CD – Springuma Hospital App"
        },
        {
          "k": "head_ref",
          "v": ""
        },
        {
          "k": "base_ref",
          "v": ""
        },
        {
          "k": "event_name",
          "v": "push"
        },
        {
          "k": "server_url",
          "v": "https://github.com"
        },
        {
          "k": "api_url",
          "v": "https://api.github.com"
        },
        {
          "k": "graphql_url",
          "v": "https://api.github.com/graphql"
        },
        {
          "k": "ref_name",
          "v": "main"
        },
        {
          "k": "ref_protected",
          "v": false
        },
        {
          "k": "ref_type",
          "v": "branch"
        },
        {
          "k": "secret_source",
          "v": "Actions"
        },
        {
          "k": "event",
          "v": {
            "t": 2,
            "d": [
              {
                "k": "after",
                "v": "1d611365e62cb74439c0a02870732f3737017f17"
              },
              {
                "k": "base_ref",
                "v": null
              },
              {
                "k": "before",
                "v": "3ffdc630e90e0b978298f155e4d8c1fe8a2167bc"
              },
              {
                "k": "commits",
                "v": {
                  "t": 1,
                  "a": [
                    {
                      "t": 2,
                      "d": [
                        {
                          "k": "author",
                          "v": {
                            "t": 2,
                            "d": [
                              {
                                "k": "email",
                                "v": "***@uma.es"
                              },
                              {
                                "k": "name",
                                "v": "unknown"
                              },
                              {
                                "k": "username",
                                "v": "***"
                              }
                            ]
                          }
                        },
                        {
                          "k": "committer",
                          "v": {
                            "t": 2,
                            "d": [
                              {
                                "k": "email",
                                "v": "***@uma.es"
                              },
                              {
                                "k": "name",
                                "v": "unknown"
                              },
                              {
                                "k": "username",
                                "v": "***"
                              }
                            ]
                          }
                        },
                        {
                          "k": "distinct",
                          "v": true
                        },
                        {
                          "k": "id",
                          "v": "1d611365e62cb74439c0a02870732f3737017f17"
                        },
                        {
                          "k": "message",
                          "v": "cambios"
                        },
                        {
                          "k": "timestamp",
                          "v": "2026-05-13T05:10:57+02:00"
                        },
                        {
                          "k": "tree_id",
                          "v": "93b413b32258ec9d12b049e5d4301db64e8de053"
                        },
                        {
                          "k": "url",
                          "v": "https://github.com/***/Practica7IPS/commit/1d611365e62cb74439c0a02870732f3737017f17"
                        }
                      ]
                    }
                  ]
                }
              },
              {
                "k": "compare",
                "v": "https://github.com/***/Practica7IPS/compare/3ffdc630e90e...1d611365e62c"
              },
              {
                "k": "created",
                "v": false
              },
              {
                "k": "deleted",
                "v": false
              },
              {
                "k": "forced",
                "v": false
              },
              {
                "k": "head_commit",
                "v": {
                  "t": 2,
                  "d": [
                    {
                      "k": "author",
                      "v": {
                        "t": 2,
                        "d": [
                          {
                            "k": "email",
                            "v": "***@uma.es"
                          },
                          {
                            "k": "name",
                            "v": "unknown"
                          },
                          {
                            "k": "username",
                            "v": "***"
                          }
                        ]
                      }
                    },
                    {
                      "k": "committer",
                      "v": {
                        "t": 2,
                        "d": [
                          {
                            "k": "email",
                            "v": "***@uma.es"
                          },
                          {
                            "k": "name",
                            "v": "unknown"
                          },
                          {
                            "k": "username",
                            "v": "***"
                          }
                        ]
                      }
                    },
                    {
                      "k": "distinct",
                      "v": true
                    },
                    {
                      "k": "id",
                      "v": "1d611365e62cb74439c0a02870732f3737017f17"
                    },
                    {
                      "k": "message",
                      "v": "cambios"
                    },
                    {
                      "k": "timestamp",
                      "v": "2026-05-13T05:10:57+02:00"
                    },
                    {
                      "k": "tree_id",
                      "v": "93b413b32258ec9d12b049e5d4301db64e8de053"
                    },
                    {
                      "k": "url",
                      "v": "https://github.com/***/Practica7IPS/commit/1d611365e62cb74439c0a02870732f3737017f17"
                    }
                  ]
                }
              },
              {
                "k": "pusher",
                "v": {
                  "t": 2,
                  "d": [
                    {
                      "k": "email",
                      "v": "148168212+***@users.noreply.github.com"
                    },
                    {
                      "k": "name",
                      "v": "***"
                    }
                  ]
                }
              },
              {
                "k": "ref",
                "v": "refs/heads/main"
              },
              {
                "k": "repository",
                "v": {
                  "t": 2,
                  "d": [
                    {
                      "k": "allow_forking",
                      "v": true
                    },
                    {
                      "k": "archive_url",
                      "v": "https://api.github.com/repos/***/Practica7IPS/{archive_format}{/ref}"
                    },
                    {
                      "k": "archived",
                      "v": false
                    },
                    {
                      "k": "assignees_url",
                      "v": "https://api.github.com/repos/***/Practica7IPS/assignees{/user}"
                    },
                    {
                      "k": "blobs_url",
                      "v": "https://api.github.com/repos/***/Practica7IPS/git/blobs{/sha}"
                    },
                    {
                      "k": "branches_url",
                      "v": "https://api.github.com/repos/***/Practica7IPS/branches{/branch}"
                    },
                    {
                      "k": "clone_url",
                      "v": "https://github.com/***/Practica7IPS.git"
                    },
                    {
                      "k": "collaborators_url",
                      "v": "https://api.github.com/repos/***/Practica7IPS/collaborators{/collaborator}"
                    },
                    {
                      "k": "comments_url",
                      "v": "https://api.github.com/repos/***/Practica7IPS/comments{/number}"
                    },
                    {
                      "k": "commits_url",
                      "v": "https://api.github.com/repos/***/Practica7IPS/commits{/sha}"
                    },
                    {
                      "k": "compare_url",
                      "v": "https://api.github.com/repos/***/Practica7IPS/compare/{base}...{head}"
                    },
                    {
                      "k": "contents_url",
                      "v": "https://api.github.com/repos/***/Practica7IPS/contents/{+path}"
                    },
                    {
                      "k": "contributors_url",
                      "v": "https://api.github.com/repos/***/Practica7IPS/contributors"
                    },
                    {
                      "k": "created_at",
                      "v": 1778621824.0
                    },
                    {
                      "k": "default_branch",
                      "v": "main"
                    },
                    {
                      "k": "deployments_url",
                      "v": "https://api.github.com/repos/***/Practica7IPS/deployments"
                    },
                    {
                      "k": "description",
                      "v": null
                    },
                    {
                      "k": "disabled",
                      "v": false
                    },
                    {
                      "k": "downloads_url",
                      "v": "https://api.github.com/repos/***/Practica7IPS/downloads"
                    },
                    {
                      "k": "events_url",
                      "v": "https://api.github.com/repos/***/Practica7IPS/events"
                    },
                    {
                      "k": "fork",
                      "v": false
                    },
                    {
                      "k": "forks",
                      "v": 0.0
                    },
                    {
                      "k": "forks_count",
                      "v": 0.0
                    },
                    {
                      "k": "forks_url",
                      "v": "https://api.github.com/repos/***/Practica7IPS/forks"
                    },
                    {
                      "k": "full_name",
                      "v": "***/Practica7IPS"
                    },
                    {
                      "k": "git_commits_url",
                      "v": "https://api.github.com/repos/***/Practica7IPS/git/commits{/sha}"
                    },
                    {
                      "k": "git_refs_url",
                      "v": "https://api.github.com/repos/***/Practica7IPS/git/refs{/sha}"
                    },
                    {
                      "k": "git_tags_url",
                      "v": "https://api.github.com/repos/***/Practica7IPS/git/tags{/sha}"
                    },
                    {
                      "k": "git_url",
                      "v": "git://github.com/***/Practica7IPS.git"
                    },
                    {
                      "k": "has_discussions",
                      "v": false
                    },
                    {
                      "k": "has_downloads",
                      "v": true
                    },
                    {
                      "k": "has_issues",
                      "v": true
                    },
                    {
                      "k": "has_pages",
                      "v": false
                    },
                    {
                      "k": "has_projects",
                      "v": true
                    },
                    {
                      "k": "has_pull_requests",
                      "v": true
                    },
                    {
                      "k": "has_wiki",
                      "v": true
                    },
                    {
                      "k": "homepage",
                      "v": null
                    },
                    {
                      "k": "hooks_url",
                      "v": "https://api.github.com/repos/***/Practica7IPS/hooks"
                    },
                    {
                      "k": "html_url",
                      "v": "https://github.com/***/Practica7IPS"
                    },
                    {
                      "k": "id",
                      "v": 1237089708.0
                    },
                    {
                      "k": "is_template",
                      "v": false
                    },
                    {
                      "k": "issue_comment_url",
                      "v": "https://api.github.com/repos/***/Practica7IPS/issues/comments{/number}"
                    },
                    {
                      "k": "issue_events_url",
                      "v": "https://api.github.com/repos/***/Practica7IPS/issues/events{/number}"
                    },
                    {
                      "k": "issues_url",
                      "v": "https://api.github.com/repos/***/Practica7IPS/issues{/number}"
                    },
                    {
                      "k": "keys_url",
                      "v": "https://api.github.com/repos/***/Practica7IPS/keys{/key_id}"
                    },
                    {
                      "k": "labels_url",
                      "v": "https://api.github.com/repos/***/Practica7IPS/labels{/name}"
                    },
                    {
                      "k": "language",
                      "v": "JavaScript"
                    },
                    {
                      "k": "languages_url",
                      "v": "https://api.github.com/repos/***/Practica7IPS/languages"
                    },
                    {
                      "k": "license",
                      "v": null
                    },
                    {
                      "k": "master_branch",
                      "v": "main"
                    },
                    {
                      "k": "merges_url",
                      "v": "https://api.github.com/repos/***/Practica7IPS/merges"
                    },
                    {
                      "k": "milestones_url",
                      "v": "https://api.github.com/repos/***/Practica7IPS/milestones{/number}"
                    },
                    {
                      "k": "mirror_url",
                      "v": null
                    },
                    {
                      "k": "name",
                      "v": "Practica7IPS"
                    },
                    {
                      "k": "node_id",
                      "v": "R_kgDOSbx9rA"
                    },
                    {
                      "k": "notifications_url",
                      "v": "https://api.github.com/repos/***/Practica7IPS/notifications{?since,all,participating}"
                    },
                    {
                      "k": "open_issues",
                      "v": 0.0
                    },
                    {
                      "k": "open_issues_count",
                      "v": 0.0
                    },
                    {
                      "k": "owner",
                      "v": {
                        "t": 2,
                        "d": [
                          {
                            "k": "avatar_url",
                            "v": "https://avatars.githubusercontent.com/u/148168212?v=4"
                          },
                          {
                            "k": "email",
                            "v": "148168212+***@users.noreply.github.com"
                          },
                          {
                            "k": "events_url",
                            "v": "https://api.github.com/users/***/events{/privacy}"
                          },
                          {
                            "k": "followers_url",
                            "v": "https://api.github.com/users/***/followers"
                          },
                          {
                            "k": "following_url",
                            "v": "https://api.github.com/users/***/following{/other_user}"
                          },
                          {
                            "k": "gists_url",
                            "v": "https://api.github.com/users/***/gists{/gist_id}"
                          },
                          {
                            "k": "gravatar_id",
                            "v": ""
                          },
                          {
                            "k": "html_url",
                            "v": "https://github.com/***"
                          },
                          {
                            "k": "id",
                            "v": 148168212.0
                          },
                          {
                            "k": "login",
                            "v": "***"
                          },
                          {
                            "k": "name",
                            "v": "***"
                          },
                          {
                            "k": "node_id",
                            "v": "U_kgDOCNTeFA"
                          },
                          {
                            "k": "organizations_url",
                            "v": "https://api.github.com/users/***/orgs"
                          },
                          {
                            "k": "received_events_url",
                            "v": "https://api.github.com/users/***/received_events"
                          },
                          {
                            "k": "repos_url",
                            "v": "https://api.github.com/users/***/repos"
                          },
                          {
                            "k": "site_admin",
                            "v": false
                          },
                          {
                            "k": "starred_url",
                            "v": "https://api.github.com/users/***/starred{/owner}{/repo}"
                          },
                          {
                            "k": "subscriptions_url",
                            "v": "https://api.github.com/users/***/subscriptions"
                          },
                          {
                            "k": "type",
                            "v": "User"
                          },
                          {
                            "k": "url",
                            "v": "https://api.github.com/users/***"
                          },
                          {
                            "k": "user_view_type",
                            "v": "public"
                          }
                        ]
                      }
                    },
                    {
                      "k": "private",
                      "v": false
                    },
                    {
                      "k": "pull_request_creation_policy",
                      "v": "all"
                    },
                    {
                      "k": "pulls_url",
                      "v": "https://api.github.com/repos/***/Practica7IPS/pulls{/number}"
                    },
                    {
                      "k": "pushed_at",
                      "v": 1778641868.0
                    },
                    {
                      "k": "releases_url",
                      "v": "https://api.github.com/repos/***/Practica7IPS/releases{/id}"
                    },
                    {
                      "k": "size",
                      "v": 43.0
                    },
                    {
                      "k": "ssh_url",
                      "v": "git@github.com:***/Practica7IPS.git"
                    },
                    {
                      "k": "stargazers",
                      "v": 0.0
                    },
                    {
                      "k": "stargazers_count",
                      "v": 0.0
                    },
                    {
                      "k": "stargazers_url",
                      "v": "https://api.github.com/repos/***/Practica7IPS/stargazers"
                    },
                    {
                      "k": "statuses_url",
                      "v": "https://api.github.com/repos/***/Practica7IPS/statuses/{sha}"
                    },
                    {
                      "k": "subscribers_url",
                      "v": "https://api.github.com/repos/***/Practica7IPS/subscribers"
                    },
                    {
                      "k": "subscription_url",
                      "v": "https://api.github.com/repos/***/Practica7IPS/subscription"
                    },
                    {
                      "k": "svn_url",
                      "v": "https://github.com/***/Practica7IPS"
                    },
                    {
                      "k": "tags_url",
                      "v": "https://api.github.com/repos/***/Practica7IPS/tags"
                    },
                    {
                      "k": "teams_url",
                      "v": "https://api.github.com/repos/***/Practica7IPS/teams"
                    },
                    {
                      "k": "topics",
                      "v": {
                        "t": 1
                      }
                    },
                    {
                      "k": "trees_url",
                      "v": "https://api.github.com/repos/***/Practica7IPS/git/trees{/sha}"
                    },
                    {
                      "k": "updated_at",
                      "v": "2026-05-13T02:59:23Z"
                    },
                    {
                      "k": "url",
                      "v": "https://api.github.com/repos/***/Practica7IPS"
                    },
                    {
                      "k": "visibility",
                      "v": "public"
                    },
                    {
                      "k": "watchers",
                      "v": 0.0
                    },
                    {
                      "k": "watchers_count",
                      "v": 0.0
                    },
                    {
                      "k": "web_commit_signoff_required",
                      "v": false
                    }
                  ]
                }
              },
              {
                "k": "sender",
                "v": {
                  "t": 2,
                  "d": [
                    {
                      "k": "avatar_url",
                      "v": "https://avatars.githubusercontent.com/u/148168212?v=4"
                    },
                    {
                      "k": "events_url",
                      "v": "https://api.github.com/users/***/events{/privacy}"
                    },
                    {
                      "k": "followers_url",
                      "v": "https://api.github.com/users/***/followers"
                    },
                    {
                      "k": "following_url",
                      "v": "https://api.github.com/users/***/following{/other_user}"
                    },
                    {
                      "k": "gists_url",
                      "v": "https://api.github.com/users/***/gists{/gist_id}"
                    },
                    {
                      "k": "gravatar_id",
                      "v": ""
                    },
                    {
                      "k": "html_url",
                      "v": "https://github.com/***"
                    },
                    {
                      "k": "id",
                      "v": 148168212.0
                    },
                    {
                      "k": "login",
                      "v": "***"
                    },
                    {
                      "k": "node_id",
                      "v": "U_kgDOCNTeFA"
                    },
                    {
                      "k": "organizations_url",
                      "v": "https://api.github.com/users/***/orgs"
                    },
                    {
                      "k": "received_events_url",
                      "v": "https://api.github.com/users/***/received_events"
                    },
                    {
                      "k": "repos_url",
                      "v": "https://api.github.com/users/***/repos"
                    },
                    {
                      "k": "site_admin",
                      "v": false
                    },
                    {
                      "k": "starred_url",
                      "v": "https://api.github.com/users/***/starred{/owner}{/repo}"
                    },
                    {
                      "k": "subscriptions_url",
                      "v": "https://api.github.com/users/***/subscriptions"
                    },
                    {
                      "k": "type",
                      "v": "User"
                    },
                    {
                      "k": "url",
                      "v": "https://api.github.com/users/***"
                    },
                    {
                      "k": "user_view_type",
                      "v": "public"
                    }
                  ]
                }
              }
            ]
          }
        },
        {
          "k": "workflow_ref",
          "v": "***/Practica7IPS/.github/workflows/ci-cd.yml@refs/heads/main"
        },
        {
          "k": "workflow_sha",
          "v": "1d611365e62cb74439c0a02870732f3737017f17"
        },
        {
          "k": "repository_id",
          "v": "1237089708"
        },
        {
          "k": "triggering_actor",
          "v": "***"
        }
      ]
    },
    "inputs": {
      "t": 2
    },
    "job": {
      "t": 2,
      "d": [
        {
          "k": "check_run_id",
          "v": 75708490117.0
        },
        {
          "k": "workflow_ref",
          "v": "***/Practica7IPS/.github/workflows/ci-cd.yml@refs/heads/main"
        },
        {
          "k": "workflow_sha",
          "v": "1d611365e62cb74439c0a02870732f3737017f17"
        },
        {
          "k": "workflow_repository",
          "v": "***/Practica7IPS"
        },
        {
          "k": "workflow_file_path",
          "v": ".github/workflows/ci-cd.yml"
        }
      ]
    },
    "matrix": null,
    "needs": {
      "t": 2,
      "d": [
        {
          "k": "build-and-push",
          "v": {
            "t": 2,
            "d": [
              {
                "k": "result",
                "v": "success"
              },
              {
                "k": "outputs",
                "v": {
                  "t": 2,
                  "d": [
                    {
                      "k": "sha_tag",
                      "v": "sha-1d61136"
                    }
                  ]
                }
              }
            ]
          }
        }
      ]
    },
    "strategy": {
      "t": 2,
      "d": [
        {
          "k": "fail-fast",
          "v": true
        },
        {
          "k": "job-index",
          "v": 0.0
        },
        {
          "k": "job-total",
          "v": 1.0
        },
        {
          "k": "max-parallel",
          "v": 1.0
        }
      ]
    },
    "vars": {
      "t": 2
    }
  },
  "billingOwnerId": "U_kgDOCNTeFA"
}
[2026-05-13 03:12:43Z INFO JobRunner] Job ID 666059a0-8dba-5b8b-97cc-17442a980b66
[2026-05-13 03:12:43Z INFO ConfigurationStore] currentAssemblyLocation: C:\Users\usuario\Downloads\Practica6Alumnos\Practica6Alumnos\actions-runner\bin\Runner.Worker.dll
[2026-05-13 03:12:43Z INFO HostContext] Well known directory 'Bin': 'C:\Users\usuario\Downloads\Practica6Alumnos\Practica6Alumnos\actions-runner\bin'
[2026-05-13 03:12:43Z INFO ConfigurationStore] binPath: C:\Users\usuario\Downloads\Practica6Alumnos\Practica6Alumnos\actions-runner\bin
[2026-05-13 03:12:43Z INFO HostContext] Well known directory 'Bin': 'C:\Users\usuario\Downloads\Practica6Alumnos\Practica6Alumnos\actions-runner\bin'
[2026-05-13 03:12:43Z INFO HostContext] Well known directory 'Root': 'C:\Users\usuario\Downloads\Practica6Alumnos\Practica6Alumnos\actions-runner'
[2026-05-13 03:12:43Z INFO ConfigurationStore] RootFolder: C:\Users\usuario\Downloads\Practica6Alumnos\Practica6Alumnos\actions-runner
[2026-05-13 03:12:43Z INFO HostContext] Well known directory 'Bin': 'C:\Users\usuario\Downloads\Practica6Alumnos\Practica6Alumnos\actions-runner\bin'
[2026-05-13 03:12:43Z INFO HostContext] Well known directory 'Root': 'C:\Users\usuario\Downloads\Practica6Alumnos\Practica6Alumnos\actions-runner'
[2026-05-13 03:12:43Z INFO HostContext] Well known config file 'Runner': 'C:\Users\usuario\Downloads\Practica6Alumnos\Practica6Alumnos\actions-runner\.runner'
[2026-05-13 03:12:43Z INFO ConfigurationStore] ConfigFilePath: C:\Users\usuario\Downloads\Practica6Alumnos\Practica6Alumnos\actions-runner\.runner
[2026-05-13 03:12:43Z INFO HostContext] Well known directory 'Bin': 'C:\Users\usuario\Downloads\Practica6Alumnos\Practica6Alumnos\actions-runner\bin'
[2026-05-13 03:12:43Z INFO HostContext] Well known directory 'Root': 'C:\Users\usuario\Downloads\Practica6Alumnos\Practica6Alumnos\actions-runner'
[2026-05-13 03:12:43Z INFO HostContext] Well known config file 'MigratedRunner': 'C:\Users\usuario\Downloads\Practica6Alumnos\Practica6Alumnos\actions-runner\.runner_migrated'
[2026-05-13 03:12:43Z INFO ConfigurationStore] MigratedConfigFilePath: C:\Users\usuario\Downloads\Practica6Alumnos\Practica6Alumnos\actions-runner\.runner_migrated
[2026-05-13 03:12:43Z INFO HostContext] Well known directory 'Bin': 'C:\Users\usuario\Downloads\Practica6Alumnos\Practica6Alumnos\actions-runner\bin'
[2026-05-13 03:12:43Z INFO HostContext] Well known directory 'Root': 'C:\Users\usuario\Downloads\Practica6Alumnos\Practica6Alumnos\actions-runner'
[2026-05-13 03:12:43Z INFO HostContext] Well known config file 'Credentials': 'C:\Users\usuario\Downloads\Practica6Alumnos\Practica6Alumnos\actions-runner\.credentials'
[2026-05-13 03:12:43Z INFO ConfigurationStore] CredFilePath: C:\Users\usuario\Downloads\Practica6Alumnos\Practica6Alumnos\actions-runner\.credentials
[2026-05-13 03:12:43Z INFO HostContext] Well known directory 'Bin': 'C:\Users\usuario\Downloads\Practica6Alumnos\Practica6Alumnos\actions-runner\bin'
[2026-05-13 03:12:43Z INFO HostContext] Well known directory 'Root': 'C:\Users\usuario\Downloads\Practica6Alumnos\Practica6Alumnos\actions-runner'
[2026-05-13 03:12:43Z INFO HostContext] Well known config file 'MigratedCredentials': 'C:\Users\usuario\Downloads\Practica6Alumnos\Practica6Alumnos\actions-runner\.credentials_migrated'
[2026-05-13 03:12:43Z INFO ConfigurationStore] MigratedCredFilePath: C:\Users\usuario\Downloads\Practica6Alumnos\Practica6Alumnos\actions-runner\.credentials_migrated
[2026-05-13 03:12:43Z INFO HostContext] Well known directory 'Bin': 'C:\Users\usuario\Downloads\Practica6Alumnos\Practica6Alumnos\actions-runner\bin'
[2026-05-13 03:12:43Z INFO HostContext] Well known directory 'Root': 'C:\Users\usuario\Downloads\Practica6Alumnos\Practica6Alumnos\actions-runner'
[2026-05-13 03:12:43Z INFO HostContext] Well known config file 'Service': 'C:\Users\usuario\Downloads\Practica6Alumnos\Practica6Alumnos\actions-runner\.service'
[2026-05-13 03:12:43Z INFO ConfigurationStore] ServiceConfigFilePath: C:\Users\usuario\Downloads\Practica6Alumnos\Practica6Alumnos\actions-runner\.service
[2026-05-13 03:12:43Z INFO ConfigurationStore] Read setting file: 400 chars
[2026-05-13 03:12:43Z INFO JobRunner] Initializing launch client
[2026-05-13 03:12:43Z INFO JobServerQueue] Initializing results client
[2026-05-13 03:12:43Z INFO ResultServer] Creating websocket client ...wss://results-receiver.actions.githubusercontent.com/_ws/ingest.sock
[2026-05-13 03:12:43Z INFO ResultServer] Attempting to start websocket client with delay 00:00:00.
[2026-05-13 03:12:43Z INFO JobServerQueue] Start process web console line queue.
[2026-05-13 03:12:43Z INFO JobServerQueue] Start process file upload queue.
[2026-05-13 03:12:43Z INFO JobServerQueue] Start results file upload queue.
[2026-05-13 03:12:43Z INFO JobServerQueue] Starting results-based upload queue...
[2026-05-13 03:12:43Z INFO JobServerQueue] Start process timeline update queue.
[2026-05-13 03:12:43Z INFO ExecutionContext] Initializing Job context
[2026-05-13 03:12:43Z INFO ExecutionContext] Initialize GitHub context
[2026-05-13 03:12:43Z INFO ExecutionContext] Initialize Env context
[2026-05-13 03:12:43Z INFO HostContext] Well known directory 'Bin': 'C:\Users\usuario\Downloads\Practica6Alumnos\Practica6Alumnos\actions-runner\bin'
[2026-05-13 03:12:43Z INFO HostContext] Well known directory 'Root': 'C:\Users\usuario\Downloads\Practica6Alumnos\Practica6Alumnos\actions-runner'
[2026-05-13 03:12:43Z INFO HostContext] Well known directory 'Diag': 'C:\Users\usuario\Downloads\Practica6Alumnos\Practica6Alumnos\actions-runner\_diag'
[2026-05-13 03:12:43Z INFO HostContext] Well known directory 'Bin': 'C:\Users\usuario\Downloads\Practica6Alumnos\Practica6Alumnos\actions-runner\bin'
[2026-05-13 03:12:43Z INFO HostContext] Well known directory 'Root': 'C:\Users\usuario\Downloads\Practica6Alumnos\Practica6Alumnos\actions-runner'
[2026-05-13 03:12:43Z INFO HostContext] Well known directory 'Diag': 'C:\Users\usuario\Downloads\Practica6Alumnos\Practica6Alumnos\actions-runner\_diag'
[2026-05-13 03:12:43Z INFO JobRunner] Starting the job execution context.
[2026-05-13 03:12:43Z INFO HostContext] Well known directory 'Bin': 'C:\Users\usuario\Downloads\Practica6Alumnos\Practica6Alumnos\actions-runner\bin'
[2026-05-13 03:12:43Z INFO HostContext] Well known directory 'Root': 'C:\Users\usuario\Downloads\Practica6Alumnos\Practica6Alumnos\actions-runner'
[2026-05-13 03:12:43Z INFO HostContext] Well known directory 'Work': 'C:\Users\usuario\Downloads\Practica6Alumnos\Practica6Alumnos\actions-runner\_work'
[2026-05-13 03:12:43Z INFO JobRunner] Validating directory permissions for: 'C:\Users\usuario\Downloads\Practica6Alumnos\Practica6Alumnos\actions-runner\_work'
[2026-05-13 03:12:43Z INFO HostContext] Well known directory 'Bin': 'C:\Users\usuario\Downloads\Practica6Alumnos\Practica6Alumnos\actions-runner\bin'
[2026-05-13 03:12:43Z INFO HostContext] Well known directory 'Root': 'C:\Users\usuario\Downloads\Practica6Alumnos\Practica6Alumnos\actions-runner'
[2026-05-13 03:12:43Z INFO HostContext] Well known directory 'Work': 'C:\Users\usuario\Downloads\Practica6Alumnos\Practica6Alumnos\actions-runner\_work'
[2026-05-13 03:12:43Z INFO HostContext] Well known directory 'Tools': 'C:\Users\usuario\Downloads\Practica6Alumnos\Practica6Alumnos\actions-runner\_work\_tool'
[2026-05-13 03:12:43Z INFO HostContext] Well known directory 'Bin': 'C:\Users\usuario\Downloads\Practica6Alumnos\Practica6Alumnos\actions-runner\bin'
[2026-05-13 03:12:43Z INFO HostContext] Well known directory 'Root': 'C:\Users\usuario\Downloads\Practica6Alumnos\Practica6Alumnos\actions-runner'
[2026-05-13 03:12:43Z INFO HostContext] Well known directory 'Work': 'C:\Users\usuario\Downloads\Practica6Alumnos\Practica6Alumnos\actions-runner\_work'
[2026-05-13 03:12:43Z INFO HostContext] Well known directory 'Temp': 'C:\Users\usuario\Downloads\Practica6Alumnos\Practica6Alumnos\actions-runner\_work\_temp'
[2026-05-13 03:12:43Z INFO JobRunner] Getting job extension.
[2026-05-13 03:12:43Z INFO JobRunner] Initialize job. Getting all job steps.
[2026-05-13 03:12:43Z INFO HostContext] Well known directory 'Bin': 'C:\Users\usuario\Downloads\Practica6Alumnos\Practica6Alumnos\actions-runner\bin'
[2026-05-13 03:12:43Z INFO HostContext] Well known directory 'Root': 'C:\Users\usuario\Downloads\Practica6Alumnos\Practica6Alumnos\actions-runner'
[2026-05-13 03:12:43Z INFO HostContext] Well known directory 'Diag': 'C:\Users\usuario\Downloads\Practica6Alumnos\Practica6Alumnos\actions-runner\_diag'
[2026-05-13 03:12:43Z INFO HostContext] Well known directory 'Bin': 'C:\Users\usuario\Downloads\Practica6Alumnos\Practica6Alumnos\actions-runner\bin'
[2026-05-13 03:12:43Z INFO HostContext] Well known directory 'Root': 'C:\Users\usuario\Downloads\Practica6Alumnos\Practica6Alumnos\actions-runner'
[2026-05-13 03:12:43Z INFO HostContext] Well known directory 'Diag': 'C:\Users\usuario\Downloads\Practica6Alumnos\Practica6Alumnos\actions-runner\_diag'
[2026-05-13 03:12:43Z INFO HostContext] Well known directory 'Bin': 'C:\Users\usuario\Downloads\Practica6Alumnos\Practica6Alumnos\actions-runner\bin'
[2026-05-13 03:12:43Z INFO HostContext] Well known directory 'Root': 'C:\Users\usuario\Downloads\Practica6Alumnos\Practica6Alumnos\actions-runner'
[2026-05-13 03:12:43Z INFO HostContext] Well known config file 'Credentials': 'C:\Users\usuario\Downloads\Practica6Alumnos\Practica6Alumnos\actions-runner\.credentials'
[2026-05-13 03:12:43Z INFO HostContext] Well known directory 'Bin': 'C:\Users\usuario\Downloads\Practica6Alumnos\Practica6Alumnos\actions-runner\bin'
[2026-05-13 03:12:43Z INFO HostContext] Well known directory 'Root': 'C:\Users\usuario\Downloads\Practica6Alumnos\Practica6Alumnos\actions-runner'
[2026-05-13 03:12:43Z INFO HostContext] Well known config file 'SetupInfo': 'C:\Users\usuario\Downloads\Practica6Alumnos\Practica6Alumnos\actions-runner\.setup_info'
[2026-05-13 03:12:43Z INFO HostContext] Well known directory 'Bin': 'C:\Users\usuario\Downloads\Practica6Alumnos\Practica6Alumnos\actions-runner\bin'
[2026-05-13 03:12:43Z INFO HostContext] Well known directory 'Root': 'C:\Users\usuario\Downloads\Practica6Alumnos\Practica6Alumnos\actions-runner'
[2026-05-13 03:12:43Z INFO HostContext] Well known directory 'Work': 'C:\Users\usuario\Downloads\Practica6Alumnos\Practica6Alumnos\actions-runner\_work'
[2026-05-13 03:12:43Z INFO PipelineDirectoryManager] Loading tracking config if exists: C:\Users\usuario\Downloads\Practica6Alumnos\Practica6Alumnos\actions-runner\_work\_PipelineMapping\***/Practica7IPS\PipelineFolder.json
[2026-05-13 03:12:43Z INFO PipelineDirectoryManager] Updating job run properties.
[2026-05-13 03:12:43Z INFO HostContext] Well known directory 'Bin': 'C:\Users\usuario\Downloads\Practica6Alumnos\Practica6Alumnos\actions-runner\bin'
[2026-05-13 03:12:43Z INFO HostContext] Well known directory 'Root': 'C:\Users\usuario\Downloads\Practica6Alumnos\Practica6Alumnos\actions-runner'
[2026-05-13 03:12:43Z INFO HostContext] Well known directory 'Work': 'C:\Users\usuario\Downloads\Practica6Alumnos\Practica6Alumnos\actions-runner\_work'
[2026-05-13 03:12:43Z INFO HostContext] Well known directory 'Bin': 'C:\Users\usuario\Downloads\Practica6Alumnos\Practica6Alumnos\actions-runner\bin'
[2026-05-13 03:12:43Z INFO HostContext] Well known directory 'Root': 'C:\Users\usuario\Downloads\Practica6Alumnos\Practica6Alumnos\actions-runner'
[2026-05-13 03:12:43Z INFO HostContext] Well known directory 'Work': 'C:\Users\usuario\Downloads\Practica6Alumnos\Practica6Alumnos\actions-runner\_work'
[2026-05-13 03:12:43Z INFO HostContext] Well known directory 'Bin': 'C:\Users\usuario\Downloads\Practica6Alumnos\Practica6Alumnos\actions-runner\bin'
[2026-05-13 03:12:43Z INFO HostContext] Well known directory 'Root': 'C:\Users\usuario\Downloads\Practica6Alumnos\Practica6Alumnos\actions-runner'
[2026-05-13 03:12:43Z INFO HostContext] Well known directory 'Work': 'C:\Users\usuario\Downloads\Practica6Alumnos\Practica6Alumnos\actions-runner\_work'
[2026-05-13 03:12:44Z INFO JobExtension] Downloading actions
[2026-05-13 03:12:44Z INFO HostContext] Well known directory 'Bin': 'C:\Users\usuario\Downloads\Practica6Alumnos\Practica6Alumnos\actions-runner\bin'
[2026-05-13 03:12:44Z INFO HostContext] Well known directory 'Root': 'C:\Users\usuario\Downloads\Practica6Alumnos\Practica6Alumnos\actions-runner'
[2026-05-13 03:12:44Z INFO HostContext] Well known directory 'Work': 'C:\Users\usuario\Downloads\Practica6Alumnos\Practica6Alumnos\actions-runner\_work'
[2026-05-13 03:12:44Z INFO HostContext] Well known directory 'Actions': 'C:\Users\usuario\Downloads\Practica6Alumnos\Practica6Alumnos\actions-runner\_work\_actions'
[2026-05-13 03:12:44Z INFO Worker] Listening for cancel message from the channel.
[2026-05-13 03:12:44Z INFO Worker] Waiting for the job to complete or for a cancel message from the channel.
[2026-05-13 03:12:44Z INFO ResultServer] Successfully started websocket client.
[2026-05-13 03:12:44Z INFO JobServerQueue] Try to append 1 batches web console lines for record '256e2d7c-d9cf-480f-8d52-240d56d48b35', success rate: 1/1.
[2026-05-13 03:12:44Z INFO HostContext] Well known directory 'Bin': 'C:\Users\usuario\Downloads\Practica6Alumnos\Practica6Alumnos\actions-runner\bin'
[2026-05-13 03:12:44Z INFO HostContext] Well known directory 'Root': 'C:\Users\usuario\Downloads\Practica6Alumnos\Practica6Alumnos\actions-runner'
[2026-05-13 03:12:44Z INFO HostContext] Well known directory 'Work': 'C:\Users\usuario\Downloads\Practica6Alumnos\Practica6Alumnos\actions-runner\_work'
[2026-05-13 03:12:44Z INFO HostContext] Well known directory 'Actions': 'C:\Users\usuario\Downloads\Practica6Alumnos\Practica6Alumnos\actions-runner\_work\_actions'
[2026-05-13 03:12:44Z INFO HostContext] Well known directory 'Bin': 'C:\Users\usuario\Downloads\Practica6Alumnos\Practica6Alumnos\actions-runner\bin'
[2026-05-13 03:12:44Z INFO HostContext] Well known directory 'Root': 'C:\Users\usuario\Downloads\Practica6Alumnos\Practica6Alumnos\actions-runner'
[2026-05-13 03:12:44Z INFO HostContext] Well known directory 'Work': 'C:\Users\usuario\Downloads\Practica6Alumnos\Practica6Alumnos\actions-runner\_work'
[2026-05-13 03:12:44Z INFO HostContext] Well known directory 'Actions': 'C:\Users\usuario\Downloads\Practica6Alumnos\Practica6Alumnos\actions-runner\_work\_actions'
[2026-05-13 03:12:44Z INFO ActionManager] Save archive 'https://codeload.github.com/actions/checkout/zip/34e114876b0b11c390a56381ad16ebd13914f8d5' into C:\Users\usuario\Downloads\Practica6Alumnos\Practica6Alumnos\actions-runner\_work\_actions\_temp_fdbdadb2-f5e7-4c4a-b5ed-a0f731d5f96a\8279324a-bfd1-494d-9164-01fc3312aee5.zip.
[2026-05-13 03:12:44Z INFO ActionManager] Using Basic token for action archive download.
[2026-05-13 03:12:44Z INFO JobServerQueue] Try to append 1 batches web console lines for record '256e2d7c-d9cf-480f-8d52-240d56d48b35', success rate: 1/1.
[2026-05-13 03:12:44Z INFO JobServerQueue] Job timeline record has been updated for the first time.
[2026-05-13 03:12:45Z INFO ActionManager] Request URL: https://codeload.github.com/actions/checkout/zip/34e114876b0b11c390a56381ad16ebd13914f8d5 X-GitHub-Request-Id: C21A:29E9D3:28309F:2FB5E7:6A03EC2D Http Status: OK
[2026-05-13 03:12:45Z INFO ActionManager] Finished getting action repository.
[2026-05-13 03:12:45Z INFO HostContext] Well known directory 'Bin': 'C:\Users\usuario\Downloads\Practica6Alumnos\Practica6Alumnos\actions-runner\bin'
[2026-05-13 03:12:45Z INFO HostContext] Well known directory 'Root': 'C:\Users\usuario\Downloads\Practica6Alumnos\Practica6Alumnos\actions-runner'
[2026-05-13 03:12:45Z INFO HostContext] Well known directory 'Work': 'C:\Users\usuario\Downloads\Practica6Alumnos\Practica6Alumnos\actions-runner\_work'
[2026-05-13 03:12:45Z INFO HostContext] Well known directory 'Actions': 'C:\Users\usuario\Downloads\Practica6Alumnos\Practica6Alumnos\actions-runner\_work\_actions'
[2026-05-13 03:12:45Z INFO ActionManifestManagerLegacy] Load schema file with definitions: [
  "null",
  "boolean",
  "number",
  "string",
  "sequence",
  "mapping",
  "any",
  "action-root",
  "inputs",
  "input",
  "outputs",
  "output-definition",
  "runs",
  "container-runs",
  "container-runs-args",
  "container-runs-env",
  "node-runs",
  "plugin-runs",
  "composite-runs",
  "composite-steps",
  "composite-step",
  "run-step",
  "uses-step",
  "container-runs-context",
  "output-value",
  "input-default-context",
  "non-empty-string",
  "string-steps-context",
  "boolean-steps-context",
  "step-env",
  "step-if",
  "step-with"
]
[2026-05-13 03:12:45Z INFO ActionManifestManager] Load schema file with definitions: [
  "null",
  "boolean",
  "number",
  "string",
  "sequence",
  "mapping",
  "any",
  "action-root",
  "inputs",
  "input",
  "outputs",
  "output-definition",
  "runs",
  "container-runs",
  "container-runs-args",
  "container-runs-env",
  "node-runs",
  "plugin-runs",
  "composite-runs",
  "composite-steps",
  "composite-step",
  "run-step",
  "uses-step",
  "container-runs-context",
  "output-value",
  "input-default-context",
  "non-empty-string",
  "string-steps-context",
  "boolean-steps-context",
  "step-env",
  "step-if",
  "step-with"
]
[2026-05-13 03:12:45Z INFO HostContext] Well known directory 'Bin': 'C:\Users\usuario\Downloads\Practica6Alumnos\Practica6Alumnos\actions-runner\bin'
[2026-05-13 03:12:45Z INFO HostContext] Well known directory 'Root': 'C:\Users\usuario\Downloads\Practica6Alumnos\Practica6Alumnos\actions-runner'
[2026-05-13 03:12:45Z INFO HostContext] Well known directory 'Work': 'C:\Users\usuario\Downloads\Practica6Alumnos\Practica6Alumnos\actions-runner\_work'
[2026-05-13 03:12:45Z INFO HostContext] Well known directory 'Actions': 'C:\Users\usuario\Downloads\Practica6Alumnos\Practica6Alumnos\actions-runner\_work\_actions'
[2026-05-13 03:12:45Z INFO ActionManifestManagerLegacy] Loaded action.yml file: {
  "name": "Checkout",
  "description": "Checkout a Git repository at a particular version",
  "inputs": {
    "type": 2,
    "map": [
      {
        "key": {
          "type": 0,
          "file": 2,
          "line": 4,
          "col": 3,
          "lit": "repository"
        },
        "value": {
          "type": 3,
          "file": 2,
          "line": 6,
          "col": 14,
          "expr": "github.repository"
        }
      },
      {
        "key": {
          "type": 0,
          "file": 2,
          "line": 7,
          "col": 3,
          "lit": "ref"
        },
        "value": ""
      },
      {
        "key": {
          "type": 0,
          "file": 2,
          "line": 12,
          "col": 3,
          "lit": "token"
        },
        "value": {
          "type": 3,
          "file": 2,
          "line": 24,
          "col": 14,
          "expr": "github.token"
        }
      },
      {
        "key": {
          "type": 0,
          "file": 2,
          "line": 25,
          "col": 3,
          "lit": "ssh-key"
        },
        "value": ""
      },
      {
        "key": {
          "type": 0,
          "file": 2,
          "line": 37,
          "col": 3,
          "lit": "ssh-known-hosts"
        },
        "value": ""
      },
      {
        "key": {
          "type": 0,
          "file": 2,
          "line": 42,
          "col": 3,
          "lit": "ssh-strict"
        },
        "value": {
          "type": 0,
          "file": 2,
          "line": 47,
          "col": 14,
          "lit": "true"
        }
      },
      {
        "key": {
          "type": 0,
          "file": 2,
          "line": 48,
          "col": 3,
          "lit": "ssh-user"
        },
        "value": {
          "type": 0,
          "file": 2,
          "line": 51,
          "col": 14,
          "lit": "git"
        }
      },
      {
        "key": {
          "type": 0,
          "file": 2,
          "line": 52,
          "col": 3,
          "lit": "persist-credentials"
        },
        "value": {
          "type": 0,
          "file": 2,
          "line": 54,
          "col": 14,
          "lit": "true"
        }
      },
      {
        "key": {
          "type": 0,
          "file": 2,
          "line": 55,
          "col": 3,
          "lit": "path"
        },
        "value": ""
      },
      {
        "key": {
          "type": 0,
          "file": 2,
          "line": 57,
          "col": 3,
          "lit": "clean"
        },
        "value": {
          "type": 0,
          "file": 2,
          "line": 59,
          "col": 14,
          "lit": "true"
        }
      },
      {
        "key": {
          "type": 0,
          "file": 2,
          "line": 60,
          "col": 3,
          "lit": "filter"
        },
        "value": {
          "type": 0,
          "file": 2,
          "line": 64,
          "col": 14,
          "lit": ""
        }
      },
      {
        "key": {
          "type": 0,
          "file": 2,
          "line": 65,
          "col": 3,
          "lit": "sparse-checkout"
        },
        "value": {
          "type": 0,
          "file": 2,
          "line": 69,
          "col": 14,
          "lit": ""
        }
      },
      {
        "key": {
          "type": 0,
          "file": 2,
          "line": 70,
          "col": 3,
          "lit": "sparse-checkout-cone-mode"
        },
        "value": {
          "type": 0,
          "file": 2,
          "line": 73,
          "col": 14,
          "lit": "true"
        }
      },
      {
        "key": {
          "type": 0,
          "file": 2,
          "line": 74,
          "col": 3,
          "lit": "fetch-depth"
        },
        "value": {
          "type": 0,
          "file": 2,
          "line": 76,
          "col": 14,
          "lit": "1"
        }
      },
      {
        "key": {
          "type": 0,
          "file": 2,
          "line": 77,
          "col": 3,
          "lit": "fetch-tags"
        },
        "value": {
          "type": 0,
          "file": 2,
          "line": 79,
          "col": 14,
          "lit": "false"
        }
      },
      {
        "key": {
          "type": 0,
          "file": 2,
          "line": 80,
          "col": 3,
          "lit": "show-progress"
        },
        "value": {
          "type": 0,
          "file": 2,
          "line": 82,
          "col": 14,
          "lit": "true"
        }
      },
      {
        "key": {
          "type": 0,
          "file": 2,
          "line": 83,
          "col": 3,
          "lit": "lfs"
        },
        "value": {
          "type": 0,
          "file": 2,
          "line": 85,
          "col": 14,
          "lit": "false"
        }
      },
      {
        "key": {
          "type": 0,
          "file": 2,
          "line": 86,
          "col": 3,
          "lit": "submodules"
        },
        "value": {
          "type": 0,
          "file": 2,
          "line": 94,
          "col": 14,
          "lit": "false"
        }
      },
      {
        "key": {
          "type": 0,
          "file": 2,
          "line": 95,
          "col": 3,
          "lit": "set-safe-directory"
        },
        "value": {
          "type": 0,
          "file": 2,
          "line": 97,
          "col": 14,
          "lit": "true"
        }
      },
      {
        "key": {
          "type": 0,
          "file": 2,
          "line": 98,
          "col": 3,
          "lit": "github-server-url"
        },
        "value": ""
      }
    ]
  },
  "execution": {
    "executionType": "nodeJS",
    "hasPre": false,
    "hasPost": true,
    "script": "dist/index.js",
    "pre": null,
    "post": "dist/index.js",
    "nodeVersion": "node20",
    "cleanupCondition": "always()",
    "initCondition": "always()"
  },
  "deprecated": null
}
[2026-05-13 03:12:45Z INFO ActionManager] Action node.js file: dist/index.js, no more preparation.
[2026-05-13 03:12:45Z INFO HostContext] Well known directory 'Bin': 'C:\Users\usuario\Downloads\Practica6Alumnos\Practica6Alumnos\actions-runner\bin'
[2026-05-13 03:12:45Z INFO HostContext] Well known directory 'Root': 'C:\Users\usuario\Downloads\Practica6Alumnos\Practica6Alumnos\actions-runner'
[2026-05-13 03:12:45Z INFO HostContext] Well known directory 'Work': 'C:\Users\usuario\Downloads\Practica6Alumnos\Practica6Alumnos\actions-runner\_work'
[2026-05-13 03:12:45Z INFO HostContext] Well known directory 'Actions': 'C:\Users\usuario\Downloads\Practica6Alumnos\Practica6Alumnos\actions-runner\_work\_actions'
[2026-05-13 03:12:45Z INFO ActionManager] Load action that reference repository from 'C:\Users\usuario\Downloads\Practica6Alumnos\Practica6Alumnos\actions-runner\_work\_actions\actions\checkout\v4'
[2026-05-13 03:12:45Z INFO HostContext] Well known directory 'Bin': 'C:\Users\usuario\Downloads\Practica6Alumnos\Practica6Alumnos\actions-runner\bin'
[2026-05-13 03:12:45Z INFO HostContext] Well known directory 'Root': 'C:\Users\usuario\Downloads\Practica6Alumnos\Practica6Alumnos\actions-runner'
[2026-05-13 03:12:45Z INFO HostContext] Well known directory 'Work': 'C:\Users\usuario\Downloads\Practica6Alumnos\Practica6Alumnos\actions-runner\_work'
[2026-05-13 03:12:45Z INFO HostContext] Well known directory 'Actions': 'C:\Users\usuario\Downloads\Practica6Alumnos\Practica6Alumnos\actions-runner\_work\_actions'
[2026-05-13 03:12:45Z INFO ActionManifestManagerLegacy] Loaded action.yml file: {
  "name": "Checkout",
  "description": "Checkout a Git repository at a particular version",
  "inputs": {
    "type": 2,
    "map": [
      {
        "key": {
          "type": 0,
          "file": 2,
          "line": 4,
          "col": 3,
          "lit": "repository"
        },
        "value": {
          "type": 3,
          "file": 2,
          "line": 6,
          "col": 14,
          "expr": "github.repository"
        }
      },
      {
        "key": {
          "type": 0,
          "file": 2,
          "line": 7,
          "col": 3,
          "lit": "ref"
        },
        "value": ""
      },
      {
        "key": {
          "type": 0,
          "file": 2,
          "line": 12,
          "col": 3,
          "lit": "token"
        },
        "value": {
          "type": 3,
          "file": 2,
          "line": 24,
          "col": 14,
          "expr": "github.token"
        }
      },
      {
        "key": {
          "type": 0,
          "file": 2,
          "line": 25,
          "col": 3,
          "lit": "ssh-key"
        },
        "value": ""
      },
      {
        "key": {
          "type": 0,
          "file": 2,
          "line": 37,
          "col": 3,
          "lit": "ssh-known-hosts"
        },
        "value": ""
      },
      {
        "key": {
          "type": 0,
          "file": 2,
          "line": 42,
          "col": 3,
          "lit": "ssh-strict"
        },
        "value": {
          "type": 0,
          "file": 2,
          "line": 47,
          "col": 14,
          "lit": "true"
        }
      },
      {
        "key": {
          "type": 0,
          "file": 2,
          "line": 48,
          "col": 3,
          "lit": "ssh-user"
        },
        "value": {
          "type": 0,
          "file": 2,
          "line": 51,
          "col": 14,
          "lit": "git"
        }
      },
      {
        "key": {
          "type": 0,
          "file": 2,
          "line": 52,
          "col": 3,
          "lit": "persist-credentials"
        },
        "value": {
          "type": 0,
          "file": 2,
          "line": 54,
          "col": 14,
          "lit": "true"
        }
      },
      {
        "key": {
          "type": 0,
          "file": 2,
          "line": 55,
          "col": 3,
          "lit": "path"
        },
        "value": ""
      },
      {
        "key": {
          "type": 0,
          "file": 2,
          "line": 57,
          "col": 3,
          "lit": "clean"
        },
        "value": {
          "type": 0,
          "file": 2,
          "line": 59,
          "col": 14,
          "lit": "true"
        }
      },
      {
        "key": {
          "type": 0,
          "file": 2,
          "line": 60,
          "col": 3,
          "lit": "filter"
        },
        "value": {
          "type": 0,
          "file": 2,
          "line": 64,
          "col": 14,
          "lit": ""
        }
      },
      {
        "key": {
          "type": 0,
          "file": 2,
          "line": 65,
          "col": 3,
          "lit": "sparse-checkout"
        },
        "value": {
          "type": 0,
          "file": 2,
          "line": 69,
          "col": 14,
          "lit": ""
        }
      },
      {
        "key": {
          "type": 0,
          "file": 2,
          "line": 70,
          "col": 3,
          "lit": "sparse-checkout-cone-mode"
        },
        "value": {
          "type": 0,
          "file": 2,
          "line": 73,
          "col": 14,
          "lit": "true"
        }
      },
      {
        "key": {
          "type": 0,
          "file": 2,
          "line": 74,
          "col": 3,
          "lit": "fetch-depth"
        },
        "value": {
          "type": 0,
          "file": 2,
          "line": 76,
          "col": 14,
          "lit": "1"
        }
      },
      {
        "key": {
          "type": 0,
          "file": 2,
          "line": 77,
          "col": 3,
          "lit": "fetch-tags"
        },
        "value": {
          "type": 0,
          "file": 2,
          "line": 79,
          "col": 14,
          "lit": "false"
        }
      },
      {
        "key": {
          "type": 0,
          "file": 2,
          "line": 80,
          "col": 3,
          "lit": "show-progress"
        },
        "value": {
          "type": 0,
          "file": 2,
          "line": 82,
          "col": 14,
          "lit": "true"
        }
      },
      {
        "key": {
          "type": 0,
          "file": 2,
          "line": 83,
          "col": 3,
          "lit": "lfs"
        },
        "value": {
          "type": 0,
          "file": 2,
          "line": 85,
          "col": 14,
          "lit": "false"
        }
      },
      {
        "key": {
          "type": 0,
          "file": 2,
          "line": 86,
          "col": 3,
          "lit": "submodules"
        },
        "value": {
          "type": 0,
          "file": 2,
          "line": 94,
          "col": 14,
          "lit": "false"
        }
      },
      {
        "key": {
          "type": 0,
          "file": 2,
          "line": 95,
          "col": 3,
          "lit": "set-safe-directory"
        },
        "value": {
          "type": 0,
          "file": 2,
          "line": 97,
          "col": 14,
          "lit": "true"
        }
      },
      {
        "key": {
          "type": 0,
          "file": 2,
          "line": 98,
          "col": 3,
          "lit": "github-server-url"
        },
        "value": ""
      }
    ]
  },
  "execution": {
    "executionType": "nodeJS",
    "hasPre": false,
    "hasPost": true,
    "script": "dist/index.js",
    "pre": null,
    "post": "dist/index.js",
    "nodeVersion": "node20",
    "cleanupCondition": "always()",
    "initCondition": "always()"
  },
  "deprecated": null
}
[2026-05-13 03:12:45Z INFO ActionManager] Action pre node.js file: N/A.
[2026-05-13 03:12:45Z INFO ActionManager] Action node.js file: dist/index.js.
[2026-05-13 03:12:45Z INFO ActionManager] Action post node.js file: dist/index.js.
[2026-05-13 03:12:45Z INFO JobExtension] Adding .
[2026-05-13 03:12:45Z INFO JobExtension] Adding .
[2026-05-13 03:12:45Z INFO JobExtension] Adding .
[2026-05-13 03:12:45Z INFO JobExtension] Adding .
[2026-05-13 03:12:45Z INFO JobExtension] Adding .
[2026-05-13 03:12:45Z INFO HostContext] Well known directory 'Bin': 'C:\Users\usuario\Downloads\Practica6Alumnos\Practica6Alumnos\actions-runner\bin'
[2026-05-13 03:12:45Z INFO HostContext] Well known directory 'Root': 'C:\Users\usuario\Downloads\Practica6Alumnos\Practica6Alumnos\actions-runner'
[2026-05-13 03:12:45Z INFO HostContext] Well known directory 'Diag': 'C:\Users\usuario\Downloads\Practica6Alumnos\Practica6Alumnos\actions-runner\_diag'
[2026-05-13 03:12:45Z INFO HostContext] Well known directory 'Bin': 'C:\Users\usuario\Downloads\Practica6Alumnos\Practica6Alumnos\actions-runner\bin'
[2026-05-13 03:12:45Z INFO HostContext] Well known directory 'Root': 'C:\Users\usuario\Downloads\Practica6Alumnos\Practica6Alumnos\actions-runner'
[2026-05-13 03:12:45Z INFO HostContext] Well known directory 'Diag': 'C:\Users\usuario\Downloads\Practica6Alumnos\Practica6Alumnos\actions-runner\_diag'
[2026-05-13 03:12:45Z INFO HostContext] Well known directory 'Bin': 'C:\Users\usuario\Downloads\Practica6Alumnos\Practica6Alumnos\actions-runner\bin'
[2026-05-13 03:12:45Z INFO HostContext] Well known directory 'Root': 'C:\Users\usuario\Downloads\Practica6Alumnos\Practica6Alumnos\actions-runner'
[2026-05-13 03:12:45Z INFO HostContext] Well known directory 'Diag': 'C:\Users\usuario\Downloads\Practica6Alumnos\Practica6Alumnos\actions-runner\_diag'
[2026-05-13 03:12:45Z INFO HostContext] Well known directory 'Bin': 'C:\Users\usuario\Downloads\Practica6Alumnos\Practica6Alumnos\actions-runner\bin'
[2026-05-13 03:12:45Z INFO HostContext] Well known directory 'Root': 'C:\Users\usuario\Downloads\Practica6Alumnos\Practica6Alumnos\actions-runner'
[2026-05-13 03:12:45Z INFO HostContext] Well known directory 'Diag': 'C:\Users\usuario\Downloads\Practica6Alumnos\Practica6Alumnos\actions-runner\_diag'
[2026-05-13 03:12:45Z INFO HostContext] Well known directory 'Bin': 'C:\Users\usuario\Downloads\Practica6Alumnos\Practica6Alumnos\actions-runner\bin'
[2026-05-13 03:12:45Z INFO HostContext] Well known directory 'Root': 'C:\Users\usuario\Downloads\Practica6Alumnos\Practica6Alumnos\actions-runner'
[2026-05-13 03:12:45Z INFO HostContext] Well known directory 'Diag': 'C:\Users\usuario\Downloads\Practica6Alumnos\Practica6Alumnos\actions-runner\_diag'
[2026-05-13 03:12:45Z INFO HostContext] Well known directory 'Bin': 'C:\Users\usuario\Downloads\Practica6Alumnos\Practica6Alumnos\actions-runner\bin'
[2026-05-13 03:12:45Z INFO HostContext] Well known directory 'Root': 'C:\Users\usuario\Downloads\Practica6Alumnos\Practica6Alumnos\actions-runner'
[2026-05-13 03:12:45Z INFO HostContext] Well known directory 'Diag': 'C:\Users\usuario\Downloads\Practica6Alumnos\Practica6Alumnos\actions-runner\_diag'
[2026-05-13 03:12:45Z INFO HostContext] Well known directory 'Bin': 'C:\Users\usuario\Downloads\Practica6Alumnos\Practica6Alumnos\actions-runner\bin'
[2026-05-13 03:12:45Z INFO HostContext] Well known directory 'Root': 'C:\Users\usuario\Downloads\Practica6Alumnos\Practica6Alumnos\actions-runner'
[2026-05-13 03:12:45Z INFO HostContext] Well known directory 'Diag': 'C:\Users\usuario\Downloads\Practica6Alumnos\Practica6Alumnos\actions-runner\_diag'
[2026-05-13 03:12:45Z INFO HostContext] Well known directory 'Bin': 'C:\Users\usuario\Downloads\Practica6Alumnos\Practica6Alumnos\actions-runner\bin'
[2026-05-13 03:12:45Z INFO HostContext] Well known directory 'Root': 'C:\Users\usuario\Downloads\Practica6Alumnos\Practica6Alumnos\actions-runner'
[2026-05-13 03:12:45Z INFO HostContext] Well known directory 'Diag': 'C:\Users\usuario\Downloads\Practica6Alumnos\Practica6Alumnos\actions-runner\_diag'
[2026-05-13 03:12:45Z INFO HostContext] Well known directory 'Bin': 'C:\Users\usuario\Downloads\Practica6Alumnos\Practica6Alumnos\actions-runner\bin'
[2026-05-13 03:12:45Z INFO HostContext] Well known directory 'Root': 'C:\Users\usuario\Downloads\Practica6Alumnos\Practica6Alumnos\actions-runner'
[2026-05-13 03:12:45Z INFO HostContext] Well known directory 'Diag': 'C:\Users\usuario\Downloads\Practica6Alumnos\Practica6Alumnos\actions-runner\_diag'
[2026-05-13 03:12:45Z INFO HostContext] Well known directory 'Bin': 'C:\Users\usuario\Downloads\Practica6Alumnos\Practica6Alumnos\actions-runner\bin'
[2026-05-13 03:12:45Z INFO HostContext] Well known directory 'Root': 'C:\Users\usuario\Downloads\Practica6Alumnos\Practica6Alumnos\actions-runner'
[2026-05-13 03:12:45Z INFO HostContext] Well known directory 'Diag': 'C:\Users\usuario\Downloads\Practica6Alumnos\Practica6Alumnos\actions-runner\_diag'
[2026-05-13 03:12:45Z INFO JobExtension] Total accessible running process: 329.
[2026-05-13 03:12:45Z INFO HostContext] Well known directory 'Bin': 'C:\Users\usuario\Downloads\Practica6Alumnos\Practica6Alumnos\actions-runner\bin'
[2026-05-13 03:12:45Z INFO HostContext] Well known directory 'Root': 'C:\Users\usuario\Downloads\Practica6Alumnos\Practica6Alumnos\actions-runner'
[2026-05-13 03:12:45Z INFO HostContext] Well known directory 'Work': 'C:\Users\usuario\Downloads\Practica6Alumnos\Practica6Alumnos\actions-runner\_work'
[2026-05-13 03:12:45Z INFO JobExtension] Start checking server connectivity.
[2026-05-13 03:12:45Z INFO JobExtension] Check server connectivity for https://broker.actions.githubusercontent.com/health.
[2026-05-13 03:12:45Z INFO JobExtension] Check server connectivity for https://token.actions.githubusercontent.com/ready.
[2026-05-13 03:12:45Z INFO JobExtension] Check server connectivity for https://run.actions.githubusercontent.com/health.
[2026-05-13 03:12:45Z INFO JobExtension] Start checking service connectivity in background.
[2026-05-13 03:12:45Z INFO JobServerQueue] Try to append 1 batches web console lines for record '256e2d7c-d9cf-480f-8d52-240d56d48b35', success rate: 1/1.
[2026-05-13 03:12:45Z INFO ExecutionContext] Publish step telemetry for current step {
  "action": "setup_job",
  "type": "runner",
  "stage": "Pre",
  "stepId": "256e2d7c-d9cf-480f-8d52-240d56d48b35",
  "result": "succeeded",
  "errorMessages": [],
  "executionTimeInSeconds": 2,
  "startTime": "2026-05-13T03:12:43.9755593Z",
  "finishTime": "2026-05-13T03:12:45.6773325Z"
}.
[2026-05-13 03:12:45Z INFO JobRunner] Total job steps: 5.
[2026-05-13 03:12:45Z INFO JobRunner] Run all job steps.
[2026-05-13 03:12:45Z INFO DapDebugger] DapDebugger initialized
[2026-05-13 03:12:45Z INFO StepsRunner] Processing step: DisplayName='Checkout repository'
[2026-05-13 03:12:45Z INFO StepsRunner] Evaluating: success()
[2026-05-13 03:12:45Z INFO StepsRunner] Result: true
[2026-05-13 03:12:45Z INFO StepsRunner] Starting the step.
[2026-05-13 03:12:45Z INFO HostContext] Well known directory 'Bin': 'C:\Users\usuario\Downloads\Practica6Alumnos\Practica6Alumnos\actions-runner\bin'
[2026-05-13 03:12:45Z INFO HostContext] Well known directory 'Root': 'C:\Users\usuario\Downloads\Practica6Alumnos\Practica6Alumnos\actions-runner'
[2026-05-13 03:12:45Z INFO HostContext] Well known directory 'Work': 'C:\Users\usuario\Downloads\Practica6Alumnos\Practica6Alumnos\actions-runner\_work'
[2026-05-13 03:12:45Z INFO StepsRunner] Which2: 'chcp'
[2026-05-13 03:12:45Z INFO StepsRunner] Location: 'C:\WINDOWS\system32\chcp.COM'
[2026-05-13 03:12:45Z INFO ProcessInvokerWrapper] Starting process:
[2026-05-13 03:12:45Z INFO ProcessInvokerWrapper]   File name: 'C:\WINDOWS\system32\chcp.COM'
[2026-05-13 03:12:45Z INFO ProcessInvokerWrapper]   Arguments: '65001'
[2026-05-13 03:12:45Z INFO ProcessInvokerWrapper]   Working directory: 'C:\Users\usuario\Downloads\Practica6Alumnos\Practica6Alumnos\actions-runner\_work'
[2026-05-13 03:12:45Z INFO ProcessInvokerWrapper]   Require exit code zero: 'False'
[2026-05-13 03:12:45Z INFO ProcessInvokerWrapper]   Encoding web name:  ; code page: ''
[2026-05-13 03:12:45Z INFO ProcessInvokerWrapper]   Force kill process on cancellation: 'False'
[2026-05-13 03:12:45Z INFO ProcessInvokerWrapper]   Redirected STDIN: 'False'
[2026-05-13 03:12:45Z INFO ProcessInvokerWrapper]   Persist current code page: 'True'
[2026-05-13 03:12:45Z INFO ProcessInvokerWrapper]   Keep redirected STDIN open: 'False'
[2026-05-13 03:12:45Z INFO ProcessInvokerWrapper]   High priority process: 'False'
[2026-05-13 03:12:45Z INFO ProcessInvokerWrapper] Process started with process id 7580, waiting for process exit.
[2026-05-13 03:12:45Z INFO ProcessInvokerWrapper] STDOUT/STDERR stream read finished.
[2026-05-13 03:12:45Z INFO ProcessInvokerWrapper] STDOUT/STDERR stream read finished.
[2026-05-13 03:12:45Z INFO ProcessInvokerWrapper] Finished process 7580 with exit code 0, and elapsed time 00:00:00.0143208.
[2026-05-13 03:12:45Z INFO StepsRunner] Successfully returned to code page 65001 (UTF8)
[2026-05-13 03:12:45Z INFO HostContext] Well known directory 'Bin': 'C:\Users\usuario\Downloads\Practica6Alumnos\Practica6Alumnos\actions-runner\bin'
[2026-05-13 03:12:45Z INFO HostContext] Well known directory 'Root': 'C:\Users\usuario\Downloads\Practica6Alumnos\Practica6Alumnos\actions-runner'
[2026-05-13 03:12:45Z INFO HostContext] Well known directory 'Work': 'C:\Users\usuario\Downloads\Practica6Alumnos\Practica6Alumnos\actions-runner\_work'
[2026-05-13 03:12:45Z INFO HostContext] Well known directory 'Actions': 'C:\Users\usuario\Downloads\Practica6Alumnos\Practica6Alumnos\actions-runner\_work\_actions'
[2026-05-13 03:12:45Z INFO ActionManager] Load action that reference repository from 'C:\Users\usuario\Downloads\Practica6Alumnos\Practica6Alumnos\actions-runner\_work\_actions\actions\checkout\v4'
[2026-05-13 03:12:45Z INFO HostContext] Well known directory 'Bin': 'C:\Users\usuario\Downloads\Practica6Alumnos\Practica6Alumnos\actions-runner\bin'
[2026-05-13 03:12:45Z INFO HostContext] Well known directory 'Root': 'C:\Users\usuario\Downloads\Practica6Alumnos\Practica6Alumnos\actions-runner'
[2026-05-13 03:12:45Z INFO HostContext] Well known directory 'Work': 'C:\Users\usuario\Downloads\Practica6Alumnos\Practica6Alumnos\actions-runner\_work'
[2026-05-13 03:12:45Z INFO HostContext] Well known directory 'Actions': 'C:\Users\usuario\Downloads\Practica6Alumnos\Practica6Alumnos\actions-runner\_work\_actions'
[2026-05-13 03:12:45Z INFO ActionManifestManagerLegacy] Loaded action.yml file: {
  "name": "Checkout",
  "description": "Checkout a Git repository at a particular version",
  "inputs": {
    "type": 2,
    "map": [
      {
        "key": {
          "type": 0,
          "file": 2,
          "line": 4,
          "col": 3,
          "lit": "repository"
        },
        "value": {
          "type": 3,
          "file": 2,
          "line": 6,
          "col": 14,
          "expr": "github.repository"
        }
      },
      {
        "key": {
          "type": 0,
          "file": 2,
          "line": 7,
          "col": 3,
          "lit": "ref"
        },
        "value": ""
      },
      {
        "key": {
          "type": 0,
          "file": 2,
          "line": 12,
          "col": 3,
          "lit": "token"
        },
        "value": {
          "type": 3,
          "file": 2,
          "line": 24,
          "col": 14,
          "expr": "github.token"
        }
      },
      {
        "key": {
          "type": 0,
          "file": 2,
          "line": 25,
          "col": 3,
          "lit": "ssh-key"
        },
        "value": ""
      },
      {
        "key": {
          "type": 0,
          "file": 2,
          "line": 37,
          "col": 3,
          "lit": "ssh-known-hosts"
        },
        "value": ""
      },
      {
        "key": {
          "type": 0,
          "file": 2,
          "line": 42,
          "col": 3,
          "lit": "ssh-strict"
        },
        "value": {
          "type": 0,
          "file": 2,
          "line": 47,
          "col": 14,
          "lit": "true"
        }
      },
      {
        "key": {
          "type": 0,
          "file": 2,
          "line": 48,
          "col": 3,
          "lit": "ssh-user"
        },
        "value": {
          "type": 0,
          "file": 2,
          "line": 51,
          "col": 14,
          "lit": "git"
        }
      },
      {
        "key": {
          "type": 0,
          "file": 2,
          "line": 52,
          "col": 3,
          "lit": "persist-credentials"
        },
        "value": {
          "type": 0,
          "file": 2,
          "line": 54,
          "col": 14,
          "lit": "true"
        }
      },
      {
        "key": {
          "type": 0,
          "file": 2,
          "line": 55,
          "col": 3,
          "lit": "path"
        },
        "value": ""
      },
      {
        "key": {
          "type": 0,
          "file": 2,
          "line": 57,
          "col": 3,
          "lit": "clean"
        },
        "value": {
          "type": 0,
          "file": 2,
          "line": 59,
          "col": 14,
          "lit": "true"
        }
      },
      {
        "key": {
          "type": 0,
          "file": 2,
          "line": 60,
          "col": 3,
          "lit": "filter"
        },
        "value": {
          "type": 0,
          "file": 2,
          "line": 64,
          "col": 14,
          "lit": ""
        }
      },
      {
        "key": {
          "type": 0,
          "file": 2,
          "line": 65,
          "col": 3,
          "lit": "sparse-checkout"
        },
        "value": {
          "type": 0,
          "file": 2,
          "line": 69,
          "col": 14,
          "lit": ""
        }
      },
      {
        "key": {
          "type": 0,
          "file": 2,
          "line": 70,
          "col": 3,
          "lit": "sparse-checkout-cone-mode"
        },
        "value": {
          "type": 0,
          "file": 2,
          "line": 73,
          "col": 14,
          "lit": "true"
        }
      },
      {
        "key": {
          "type": 0,
          "file": 2,
          "line": 74,
          "col": 3,
          "lit": "fetch-depth"
        },
        "value": {
          "type": 0,
          "file": 2,
          "line": 76,
          "col": 14,
          "lit": "1"
        }
      },
      {
        "key": {
          "type": 0,
          "file": 2,
          "line": 77,
          "col": 3,
          "lit": "fetch-tags"
        },
        "value": {
          "type": 0,
          "file": 2,
          "line": 79,
          "col": 14,
          "lit": "false"
        }
      },
      {
        "key": {
          "type": 0,
          "file": 2,
          "line": 80,
          "col": 3,
          "lit": "show-progress"
        },
        "value": {
          "type": 0,
          "file": 2,
          "line": 82,
          "col": 14,
          "lit": "true"
        }
      },
      {
        "key": {
          "type": 0,
          "file": 2,
          "line": 83,
          "col": 3,
          "lit": "lfs"
        },
        "value": {
          "type": 0,
          "file": 2,
          "line": 85,
          "col": 14,
          "lit": "false"
        }
      },
      {
        "key": {
          "type": 0,
          "file": 2,
          "line": 86,
          "col": 3,
          "lit": "submodules"
        },
        "value": {
          "type": 0,
          "file": 2,
          "line": 94,
          "col": 14,
          "lit": "false"
        }
      },
      {
        "key": {
          "type": 0,
          "file": 2,
          "line": 95,
          "col": 3,
          "lit": "set-safe-directory"
        },
        "value": {
          "type": 0,
          "file": 2,
          "line": 97,
          "col": 14,
          "lit": "true"
        }
      },
      {
        "key": {
          "type": 0,
          "file": 2,
          "line": 98,
          "col": 3,
          "lit": "github-server-url"
        },
        "value": ""
      }
    ]
  },
  "execution": {
    "executionType": "nodeJS",
    "hasPre": false,
    "hasPost": true,
    "script": "dist/index.js",
    "pre": null,
    "post": "dist/index.js",
    "nodeVersion": "node20",
    "cleanupCondition": "always()",
    "initCondition": "always()"
  },
  "deprecated": null
}
[2026-05-13 03:12:45Z INFO ActionManager] Action pre node.js file: N/A.
[2026-05-13 03:12:45Z INFO ActionManager] Action node.js file: dist/index.js.
[2026-05-13 03:12:45Z INFO ActionManager] Action post node.js file: dist/index.js.
[2026-05-13 03:12:45Z INFO ExecutionContext] Reserve record order 7 to 12 for post job actions.
[2026-05-13 03:12:45Z INFO HostContext] Well known directory 'Bin': 'C:\Users\usuario\Downloads\Practica6Alumnos\Practica6Alumnos\actions-runner\bin'
[2026-05-13 03:12:45Z INFO HostContext] Well known directory 'Root': 'C:\Users\usuario\Downloads\Practica6Alumnos\Practica6Alumnos\actions-runner'
[2026-05-13 03:12:45Z INFO HostContext] Well known directory 'Diag': 'C:\Users\usuario\Downloads\Practica6Alumnos\Practica6Alumnos\actions-runner\_diag'
[2026-05-13 03:12:45Z INFO HostContext] Well known directory 'Bin': 'C:\Users\usuario\Downloads\Practica6Alumnos\Practica6Alumnos\actions-runner\bin'
[2026-05-13 03:12:45Z INFO HostContext] Well known directory 'Root': 'C:\Users\usuario\Downloads\Practica6Alumnos\Practica6Alumnos\actions-runner'
[2026-05-13 03:12:45Z INFO HostContext] Well known directory 'Diag': 'C:\Users\usuario\Downloads\Practica6Alumnos\Practica6Alumnos\actions-runner\_diag'
[2026-05-13 03:12:45Z INFO HostContext] Well known directory 'Bin': 'C:\Users\usuario\Downloads\Practica6Alumnos\Practica6Alumnos\actions-runner\bin'
[2026-05-13 03:12:45Z INFO HostContext] Well known directory 'Root': 'C:\Users\usuario\Downloads\Practica6Alumnos\Practica6Alumnos\actions-runner'
[2026-05-13 03:12:45Z INFO HostContext] Well known directory 'Work': 'C:\Users\usuario\Downloads\Practica6Alumnos\Practica6Alumnos\actions-runner\_work'
[2026-05-13 03:12:45Z INFO HostContext] Well known directory 'Temp': 'C:\Users\usuario\Downloads\Practica6Alumnos\Practica6Alumnos\actions-runner\_work\_temp'
[2026-05-13 03:12:45Z INFO ExecutionContext] Write event payload to C:\Users\usuario\Downloads\Practica6Alumnos\Practica6Alumnos\actions-runner\_work\_temp\_github_workflow\event.json
[2026-05-13 03:12:45Z INFO HostContext] Well known directory 'Bin': 'C:\Users\usuario\Downloads\Practica6Alumnos\Practica6Alumnos\actions-runner\bin'
[2026-05-13 03:12:45Z INFO HostContext] Well known directory 'Root': 'C:\Users\usuario\Downloads\Practica6Alumnos\Practica6Alumnos\actions-runner'
[2026-05-13 03:12:45Z INFO HostContext] Well known directory 'Work': 'C:\Users\usuario\Downloads\Practica6Alumnos\Practica6Alumnos\actions-runner\_work'
[2026-05-13 03:12:45Z INFO HostContext] Well known directory 'Temp': 'C:\Users\usuario\Downloads\Practica6Alumnos\Practica6Alumnos\actions-runner\_work\_temp'
[2026-05-13 03:12:45Z INFO ExtensionManager] Getting extensions for interface: 'GitHub.Runner.Worker.IFileCommandExtension'
[2026-05-13 03:12:45Z INFO ExtensionManager] Creating instance: GitHub.Runner.Worker.AddPathFileCommand, Runner.Worker
[2026-05-13 03:12:45Z INFO ExtensionManager] Creating instance: GitHub.Runner.Worker.SetEnvFileCommand, Runner.Worker
[2026-05-13 03:12:45Z INFO ExtensionManager] Creating instance: GitHub.Runner.Worker.CreateStepSummaryCommand, Runner.Worker
[2026-05-13 03:12:45Z INFO ExtensionManager] Creating instance: GitHub.Runner.Worker.SaveStateFileCommand, Runner.Worker
[2026-05-13 03:12:45Z INFO ExtensionManager] Creating instance: GitHub.Runner.Worker.SetOutputFileCommand, Runner.Worker
[2026-05-13 03:12:45Z INFO ActionManifestManagerLegacy] Input 'repository': default value evaluate result: {
  "type": 0,
  "file": 2,
  "line": 6,
  "col": 14,
  "lit": "***/Practica7IPS"
}
[2026-05-13 03:12:45Z INFO ActionManifestManagerLegacy] Input 'ref': default value evaluate result: ""
[2026-05-13 03:12:45Z INFO ActionManifestManagerLegacy] Input 'token': default value evaluate result: {
  "type": 0,
  "file": 2,
  "line": 24,
  "col": 14,
  "lit": "***"
}
[2026-05-13 03:12:45Z INFO ActionManifestManagerLegacy] Input 'ssh-key': default value evaluate result: ""
[2026-05-13 03:12:45Z INFO ActionManifestManagerLegacy] Input 'ssh-known-hosts': default value evaluate result: ""
[2026-05-13 03:12:45Z INFO ActionManifestManagerLegacy] Input 'ssh-strict': default value evaluate result: {
  "type": 0,
  "file": 2,
  "line": 47,
  "col": 14,
  "lit": "true"
}
[2026-05-13 03:12:45Z INFO ActionManifestManagerLegacy] Input 'ssh-user': default value evaluate result: {
  "type": 0,
  "file": 2,
  "line": 51,
  "col": 14,
  "lit": "git"
}
[2026-05-13 03:12:45Z INFO ActionManifestManagerLegacy] Input 'persist-credentials': default value evaluate result: {
  "type": 0,
  "file": 2,
  "line": 54,
  "col": 14,
  "lit": "true"
}
[2026-05-13 03:12:45Z INFO ActionManifestManagerLegacy] Input 'path': default value evaluate result: ""
[2026-05-13 03:12:45Z INFO ActionManifestManagerLegacy] Input 'clean': default value evaluate result: {
  "type": 0,
  "file": 2,
  "line": 59,
  "col": 14,
  "lit": "true"
}
[2026-05-13 03:12:45Z INFO ActionManifestManagerLegacy] Input 'filter': default value evaluate result: {
  "type": 0,
  "file": 2,
  "line": 64,
  "col": 14,
  "lit": ""
}
[2026-05-13 03:12:45Z INFO ActionManifestManagerLegacy] Input 'sparse-checkout': default value evaluate result: {
  "type": 0,
  "file": 2,
  "line": 69,
  "col": 14,
  "lit": ""
}
[2026-05-13 03:12:45Z INFO ActionManifestManagerLegacy] Input 'sparse-checkout-cone-mode': default value evaluate result: {
  "type": 0,
  "file": 2,
  "line": 73,
  "col": 14,
  "lit": "true"
}
[2026-05-13 03:12:45Z INFO ActionManifestManagerLegacy] Input 'fetch-depth': default value evaluate result: {
  "type": 0,
  "file": 2,
  "line": 76,
  "col": 14,
  "lit": "1"
}
[2026-05-13 03:12:45Z INFO ActionManifestManagerLegacy] Input 'fetch-tags': default value evaluate result: {
  "type": 0,
  "file": 2,
  "line": 79,
  "col": 14,
  "lit": "false"
}
[2026-05-13 03:12:45Z INFO ActionManifestManagerLegacy] Input 'show-progress': default value evaluate result: {
  "type": 0,
  "file": 2,
  "line": 82,
  "col": 14,
  "lit": "true"
}
[2026-05-13 03:12:45Z INFO ActionManifestManagerLegacy] Input 'lfs': default value evaluate result: {
  "type": 0,
  "file": 2,
  "line": 85,
  "col": 14,
  "lit": "false"
}
[2026-05-13 03:12:45Z INFO ActionManifestManagerLegacy] Input 'submodules': default value evaluate result: {
  "type": 0,
  "file": 2,
  "line": 94,
  "col": 14,
  "lit": "false"
}
[2026-05-13 03:12:45Z INFO ActionManifestManagerLegacy] Input 'set-safe-directory': default value evaluate result: {
  "type": 0,
  "file": 2,
  "line": 97,
  "col": 14,
  "lit": "true"
}
[2026-05-13 03:12:45Z INFO ActionManifestManagerLegacy] Input 'github-server-url': default value evaluate result: ""
[2026-05-13 03:12:45Z INFO ExtensionManager] Getting extensions for interface: 'GitHub.Runner.Worker.IActionCommandExtension'
[2026-05-13 03:12:45Z INFO ExtensionManager] Creating instance: GitHub.Runner.Worker.InternalPluginSetRepoPathCommandExtension, Runner.Worker
[2026-05-13 03:12:45Z INFO ExtensionManager] Creating instance: GitHub.Runner.Worker.SetEnvCommandExtension, Runner.Worker
[2026-05-13 03:12:45Z INFO ExtensionManager] Creating instance: GitHub.Runner.Worker.SetOutputCommandExtension, Runner.Worker
[2026-05-13 03:12:45Z INFO ExtensionManager] Creating instance: GitHub.Runner.Worker.SaveStateCommandExtension, Runner.Worker
[2026-05-13 03:12:45Z INFO ExtensionManager] Creating instance: GitHub.Runner.Worker.AddPathCommandExtension, Runner.Worker
[2026-05-13 03:12:45Z INFO ExtensionManager] Creating instance: GitHub.Runner.Worker.AddMaskCommandExtension, Runner.Worker
[2026-05-13 03:12:45Z INFO ExtensionManager] Creating instance: GitHub.Runner.Worker.AddMatcherCommandExtension, Runner.Worker
[2026-05-13 03:12:45Z INFO ExtensionManager] Creating instance: GitHub.Runner.Worker.RemoveMatcherCommandExtension, Runner.Worker
[2026-05-13 03:12:45Z INFO ExtensionManager] Creating instance: GitHub.Runner.Worker.WarningCommandExtension, Runner.Worker
[2026-05-13 03:12:45Z INFO ExtensionManager] Creating instance: GitHub.Runner.Worker.ErrorCommandExtension, Runner.Worker
[2026-05-13 03:12:45Z INFO ExtensionManager] Creating instance: GitHub.Runner.Worker.NoticeCommandExtension, Runner.Worker
[2026-05-13 03:12:45Z INFO ExtensionManager] Creating instance: GitHub.Runner.Worker.DebugCommandExtension, Runner.Worker
[2026-05-13 03:12:45Z INFO ExtensionManager] Creating instance: GitHub.Runner.Worker.GroupCommandExtension, Runner.Worker
[2026-05-13 03:12:45Z INFO ExtensionManager] Creating instance: GitHub.Runner.Worker.EndGroupCommandExtension, Runner.Worker
[2026-05-13 03:12:45Z INFO ExtensionManager] Creating instance: GitHub.Runner.Worker.EchoCommandExtension, Runner.Worker
[2026-05-13 03:12:45Z INFO ActionCommandManager] Register action command extension for command internal-set-repo-path
[2026-05-13 03:12:45Z INFO ActionCommandManager] Register action command extension for command set-env
[2026-05-13 03:12:45Z INFO ActionCommandManager] Register action command extension for command set-output
[2026-05-13 03:12:45Z INFO ActionCommandManager] Register action command extension for command save-state
[2026-05-13 03:12:45Z INFO ActionCommandManager] Register action command extension for command add-path
[2026-05-13 03:12:45Z INFO ActionCommandManager] Register action command extension for command add-mask
[2026-05-13 03:12:45Z INFO ActionCommandManager] Register action command extension for command add-matcher
[2026-05-13 03:12:45Z INFO ActionCommandManager] Register action command extension for command remove-matcher
[2026-05-13 03:12:45Z INFO ActionCommandManager] Register action command extension for command warning
[2026-05-13 03:12:45Z INFO ActionCommandManager] Register action command extension for command error
[2026-05-13 03:12:45Z INFO ActionCommandManager] Register action command extension for command notice
[2026-05-13 03:12:45Z INFO ActionCommandManager] Register action command extension for command debug
[2026-05-13 03:12:45Z INFO ActionCommandManager] Register action command extension for command group
[2026-05-13 03:12:45Z INFO ActionCommandManager] Register action command extension for command endgroup
[2026-05-13 03:12:45Z INFO ActionCommandManager] Register action command extension for command echo
[2026-05-13 03:12:45Z INFO HostContext] Well known directory 'Bin': 'C:\Users\usuario\Downloads\Practica6Alumnos\Practica6Alumnos\actions-runner\bin'
[2026-05-13 03:12:45Z INFO HostContext] Well known directory 'Root': 'C:\Users\usuario\Downloads\Practica6Alumnos\Practica6Alumnos\actions-runner'
[2026-05-13 03:12:45Z INFO HostContext] Well known directory 'Externals': 'C:\Users\usuario\Downloads\Practica6Alumnos\Practica6Alumnos\actions-runner\externals'
[2026-05-13 03:12:45Z INFO ProcessInvokerWrapper] Starting process:
[2026-05-13 03:12:45Z INFO ProcessInvokerWrapper]   File name: 'C:\Users\usuario\Downloads\Practica6Alumnos\Practica6Alumnos\actions-runner\externals\node20\bin\node.exe'
[2026-05-13 03:12:45Z INFO ProcessInvokerWrapper]   Arguments: '"C:\Users\usuario\Downloads\Practica6Alumnos\Practica6Alumnos\actions-runner\_work\_actions\actions\checkout\v4\dist/index.js"'
[2026-05-13 03:12:45Z INFO ProcessInvokerWrapper]   Working directory: 'C:\Users\usuario\Downloads\Practica6Alumnos\Practica6Alumnos\actions-runner\_work\Practica7IPS\Practica7IPS'
[2026-05-13 03:12:45Z INFO ProcessInvokerWrapper]   Require exit code zero: 'False'
[2026-05-13 03:12:45Z INFO ProcessInvokerWrapper]   Encoding web name: utf-8 ; code page: '65001'
[2026-05-13 03:12:45Z INFO ProcessInvokerWrapper]   Force kill process on cancellation: 'False'
[2026-05-13 03:12:45Z INFO ProcessInvokerWrapper]   Redirected STDIN: 'False'
[2026-05-13 03:12:45Z INFO ProcessInvokerWrapper]   Persist current code page: 'True'
[2026-05-13 03:12:45Z INFO ProcessInvokerWrapper]   Keep redirected STDIN open: 'False'
[2026-05-13 03:12:45Z INFO ProcessInvokerWrapper]   High priority process: 'False'
[2026-05-13 03:12:45Z INFO ProcessInvokerWrapper] Process started with process id 21828, waiting for process exit.
[2026-05-13 03:12:45Z INFO JobServerQueue] Try to append 1 batches web console lines for record 'c1651528-d8d4-4d9d-ba45-6c067594cb2f', success rate: 1/1.
[2026-05-13 03:12:45Z INFO JobServerQueue] Got a step log file to send to results service.
[2026-05-13 03:12:45Z INFO JobServerQueue] Starting upload of step log file to results service ResultsLog, C:\Users\usuario\Downloads\Practica6Alumnos\Practica6Alumnos\actions-runner\_diag\blocks\41b84b2e-6ea6-4c01-b213-066fe4a3dfce_256e2d7c-d9cf-480f-8d52-240d56d48b35.1
[2026-05-13 03:12:45Z INFO JobServerQueue] Try to upload 1 log files or attachments, success rate: 1/1.
[2026-05-13 03:12:46Z INFO JobServerQueue] Try to append 1 batches web console lines for record 'c1651528-d8d4-4d9d-ba45-6c067594cb2f', success rate: 1/1.
[2026-05-13 03:12:46Z INFO AddMaskCommandExtension] Add new secret mask with length of 76
[2026-05-13 03:12:46Z INFO JobServerQueue] Try to append 1 batches web console lines for record 'c1651528-d8d4-4d9d-ba45-6c067594cb2f', success rate: 1/1.
[2026-05-13 03:12:46Z INFO JobServerQueue] Tried to upload 1 file(s) to results, success rate: 1/1.
[2026-05-13 03:12:47Z INFO JobServerQueue] Try to append 1 batches web console lines for record 'c1651528-d8d4-4d9d-ba45-6c067594cb2f', success rate: 1/1.
[2026-05-13 03:12:47Z INFO JobServerQueue] Try to append 1 batches web console lines for record 'c1651528-d8d4-4d9d-ba45-6c067594cb2f', success rate: 1/1.
[2026-05-13 03:12:48Z INFO JobServerQueue] Try to append 1 batches web console lines for record 'c1651528-d8d4-4d9d-ba45-6c067594cb2f', success rate: 1/1.
[2026-05-13 03:12:48Z INFO JobServerQueue] Try to append 1 batches web console lines for record 'c1651528-d8d4-4d9d-ba45-6c067594cb2f', success rate: 1/1.
[2026-05-13 03:12:49Z INFO JobServerQueue] Try to append 1 batches web console lines for record 'c1651528-d8d4-4d9d-ba45-6c067594cb2f', success rate: 1/1.
[2026-05-13 03:12:49Z INFO JobServerQueue] Try to append 1 batches web console lines for record 'c1651528-d8d4-4d9d-ba45-6c067594cb2f', success rate: 1/1.
[2026-05-13 03:12:50Z INFO JobServerQueue] Try to append 1 batches web console lines for record 'c1651528-d8d4-4d9d-ba45-6c067594cb2f', success rate: 1/1.
[2026-05-13 03:12:51Z INFO JobServerQueue] Try to append 1 batches web console lines for record 'c1651528-d8d4-4d9d-ba45-6c067594cb2f', success rate: 1/1.
[2026-05-13 03:12:52Z INFO JobServerQueue] Try to append 1 batches web console lines for record 'c1651528-d8d4-4d9d-ba45-6c067594cb2f', success rate: 1/1.
[2026-05-13 03:12:55Z INFO HostContext] Well known directory 'Bin': 'C:\Users\usuario\Downloads\Practica6Alumnos\Practica6Alumnos\actions-runner\bin'
[2026-05-13 03:12:55Z INFO HostContext] Well known directory 'Root': 'C:\Users\usuario\Downloads\Practica6Alumnos\Practica6Alumnos\actions-runner'
[2026-05-13 03:12:55Z INFO HostContext] Well known directory 'Work': 'C:\Users\usuario\Downloads\Practica6Alumnos\Practica6Alumnos\actions-runner\_work'
[2026-05-13 03:13:05Z INFO HostContext] Well known directory 'Bin': 'C:\Users\usuario\Downloads\Practica6Alumnos\Practica6Alumnos\actions-runner\bin'
[2026-05-13 03:13:05Z INFO HostContext] Well known directory 'Root': 'C:\Users\usuario\Downloads\Practica6Alumnos\Practica6Alumnos\actions-runner'
[2026-05-13 03:13:05Z INFO HostContext] Well known directory 'Work': 'C:\Users\usuario\Downloads\Practica6Alumnos\Practica6Alumnos\actions-runner\_work'
[2026-05-13 03:13:15Z INFO HostContext] Well known directory 'Bin': 'C:\Users\usuario\Downloads\Practica6Alumnos\Practica6Alumnos\actions-runner\bin'
[2026-05-13 03:13:15Z INFO HostContext] Well known directory 'Root': 'C:\Users\usuario\Downloads\Practica6Alumnos\Practica6Alumnos\actions-runner'
[2026-05-13 03:13:15Z INFO HostContext] Well known directory 'Work': 'C:\Users\usuario\Downloads\Practica6Alumnos\Practica6Alumnos\actions-runner\_work'
[2026-05-13 03:13:21Z INFO JobServerQueue] Try to append 1 batches web console lines for record 'c1651528-d8d4-4d9d-ba45-6c067594cb2f', success rate: 1/1.
[2026-05-13 03:13:22Z INFO JobServerQueue] Try to append 1 batches web console lines for record 'c1651528-d8d4-4d9d-ba45-6c067594cb2f', success rate: 1/1.
[2026-05-13 03:13:23Z INFO JobServerQueue] Try to append 1 batches web console lines for record 'c1651528-d8d4-4d9d-ba45-6c067594cb2f', success rate: 1/1.
[2026-05-13 03:13:23Z INFO JobServerQueue] Try to append 1 batches web console lines for record 'c1651528-d8d4-4d9d-ba45-6c067594cb2f', success rate: 1/1.
[2026-05-13 03:13:23Z INFO JobServerQueue] Try to append 1 batches web console lines for record 'c1651528-d8d4-4d9d-ba45-6c067594cb2f', success rate: 1/1.
[2026-05-13 03:13:24Z INFO JobServerQueue] Try to append 1 batches web console lines for record 'c1651528-d8d4-4d9d-ba45-6c067594cb2f', success rate: 1/1.
[2026-05-13 03:13:24Z INFO JobServerQueue] Try to append 1 batches web console lines for record 'c1651528-d8d4-4d9d-ba45-6c067594cb2f', success rate: 1/1.
[2026-05-13 03:13:25Z INFO JobServerQueue] Try to append 1 batches web console lines for record 'c1651528-d8d4-4d9d-ba45-6c067594cb2f', success rate: 1/1.
[2026-05-13 03:13:25Z INFO ProcessInvokerWrapper] STDOUT/STDERR stream read finished.
[2026-05-13 03:13:25Z INFO ProcessInvokerWrapper] STDOUT/STDERR stream read finished.
[2026-05-13 03:13:25Z INFO ProcessInvokerWrapper] Finished process 21828 with exit code 0, and elapsed time 00:00:39.5465295.
[2026-05-13 03:13:25Z INFO CreateStepSummaryCommand] Step Summary file (C:\Users\usuario\Downloads\Practica6Alumnos\Practica6Alumnos\actions-runner\_work\_temp\_runner_file_commands\step_summary_5f3aafce-6862-49fb-9341-71401b4ca4ec) is empty; skipping attachment upload
[2026-05-13 03:13:25Z INFO StepsRunner] Step result: 
[2026-05-13 03:13:25Z INFO ExecutionContext] Publish step telemetry for current step {
  "action": "actions/checkout",
  "ref": "v4",
  "type": "node20",
  "stage": "Main",
  "stepId": "c1651528-d8d4-4d9d-ba45-6c067594cb2f",
  "stepContextName": "__actions_checkout",
  "hasPreStep": false,
  "hasPostStep": true,
  "result": "succeeded",
  "errorMessages": [
    "no submodule mapping found in .gitmodules for path 'actions-runner/_work/Practica7IPS/Practica7IPS'",
    "Unable to clean or reset the repository. The repository will be recreated instead."
  ],
  "executionTimeInSeconds": 40,
  "startTime": "2026-05-13T03:12:45.6935294Z",
  "finishTime": "2026-05-13T03:13:25.352584Z"
}.
[2026-05-13 03:13:25Z INFO StepsRunner] No need for updating job result with current step result 'Succeeded'.
[2026-05-13 03:13:25Z INFO StepsRunner] Current state: job state = ''
[2026-05-13 03:13:25Z INFO StepsRunner] Processing step: DisplayName='Update Deployment image tag'
[2026-05-13 03:13:25Z INFO StepsRunner] Evaluating: success()
[2026-05-13 03:13:25Z INFO StepsRunner] Result: true
[2026-05-13 03:13:25Z INFO StepsRunner] Starting the step.
[2026-05-13 03:13:25Z INFO HostContext] Well known directory 'Bin': 'C:\Users\usuario\Downloads\Practica6Alumnos\Practica6Alumnos\actions-runner\bin'
[2026-05-13 03:13:25Z INFO HostContext] Well known directory 'Root': 'C:\Users\usuario\Downloads\Practica6Alumnos\Practica6Alumnos\actions-runner'
[2026-05-13 03:13:25Z INFO HostContext] Well known directory 'Work': 'C:\Users\usuario\Downloads\Practica6Alumnos\Practica6Alumnos\actions-runner\_work'
[2026-05-13 03:13:25Z INFO StepsRunner] Which2: 'chcp'
[2026-05-13 03:13:25Z INFO StepsRunner] Location: 'C:\WINDOWS\system32\chcp.COM'
[2026-05-13 03:13:25Z INFO ProcessInvokerWrapper] Starting process:
[2026-05-13 03:13:25Z INFO ProcessInvokerWrapper]   File name: 'C:\WINDOWS\system32\chcp.COM'
[2026-05-13 03:13:25Z INFO ProcessInvokerWrapper]   Arguments: '65001'
[2026-05-13 03:13:25Z INFO ProcessInvokerWrapper]   Working directory: 'C:\Users\usuario\Downloads\Practica6Alumnos\Practica6Alumnos\actions-runner\_work'
[2026-05-13 03:13:25Z INFO ProcessInvokerWrapper]   Require exit code zero: 'False'
[2026-05-13 03:13:25Z INFO ProcessInvokerWrapper]   Encoding web name:  ; code page: ''
[2026-05-13 03:13:25Z INFO ProcessInvokerWrapper]   Force kill process on cancellation: 'False'
[2026-05-13 03:13:25Z INFO ProcessInvokerWrapper]   Redirected STDIN: 'False'
[2026-05-13 03:13:25Z INFO ProcessInvokerWrapper]   Persist current code page: 'True'
[2026-05-13 03:13:25Z INFO ProcessInvokerWrapper]   Keep redirected STDIN open: 'False'
[2026-05-13 03:13:25Z INFO ProcessInvokerWrapper]   High priority process: 'False'
[2026-05-13 03:13:25Z INFO ProcessInvokerWrapper] Process started with process id 14448, waiting for process exit.
[2026-05-13 03:13:25Z INFO ProcessInvokerWrapper] STDOUT/STDERR stream read finished.
[2026-05-13 03:13:25Z INFO ProcessInvokerWrapper] STDOUT/STDERR stream read finished.
[2026-05-13 03:13:25Z INFO ProcessInvokerWrapper] Finished process 14448 with exit code 0, and elapsed time 00:00:00.0119663.
[2026-05-13 03:13:25Z INFO StepsRunner] Successfully returned to code page 65001 (UTF8)
[2026-05-13 03:13:25Z INFO HostContext] Well known directory 'Bin': 'C:\Users\usuario\Downloads\Practica6Alumnos\Practica6Alumnos\actions-runner\bin'
[2026-05-13 03:13:25Z INFO HostContext] Well known directory 'Root': 'C:\Users\usuario\Downloads\Practica6Alumnos\Practica6Alumnos\actions-runner'
[2026-05-13 03:13:25Z INFO HostContext] Well known directory 'Work': 'C:\Users\usuario\Downloads\Practica6Alumnos\Practica6Alumnos\actions-runner\_work'
[2026-05-13 03:13:25Z INFO HostContext] Well known directory 'Temp': 'C:\Users\usuario\Downloads\Practica6Alumnos\Practica6Alumnos\actions-runner\_work\_temp'
[2026-05-13 03:13:25Z INFO ExecutionContext] Write event payload to C:\Users\usuario\Downloads\Practica6Alumnos\Practica6Alumnos\actions-runner\_work\_temp\_github_workflow\event.json
[2026-05-13 03:13:25Z INFO HostContext] Well known directory 'Bin': 'C:\Users\usuario\Downloads\Practica6Alumnos\Practica6Alumnos\actions-runner\bin'
[2026-05-13 03:13:25Z INFO HostContext] Well known directory 'Root': 'C:\Users\usuario\Downloads\Practica6Alumnos\Practica6Alumnos\actions-runner'
[2026-05-13 03:13:25Z INFO HostContext] Well known directory 'Work': 'C:\Users\usuario\Downloads\Practica6Alumnos\Practica6Alumnos\actions-runner\_work'
[2026-05-13 03:13:25Z INFO HostContext] Well known directory 'Temp': 'C:\Users\usuario\Downloads\Practica6Alumnos\Practica6Alumnos\actions-runner\_work\_temp'
[2026-05-13 03:13:25Z INFO ExtensionManager] Getting extensions for interface: 'GitHub.Runner.Worker.IFileCommandExtension'
[2026-05-13 03:13:25Z INFO ExtensionManager] Getting extensions for interface: 'GitHub.Runner.Worker.IActionCommandExtension'
[2026-05-13 03:13:25Z INFO ActionCommandManager] Register action command extension for command internal-set-repo-path
[2026-05-13 03:13:25Z INFO ActionCommandManager] Register action command extension for command set-env
[2026-05-13 03:13:25Z INFO ActionCommandManager] Register action command extension for command set-output
[2026-05-13 03:13:25Z INFO ActionCommandManager] Register action command extension for command save-state
[2026-05-13 03:13:25Z INFO ActionCommandManager] Register action command extension for command add-path
[2026-05-13 03:13:25Z INFO ActionCommandManager] Register action command extension for command add-mask
[2026-05-13 03:13:25Z INFO ActionCommandManager] Register action command extension for command add-matcher
[2026-05-13 03:13:25Z INFO ActionCommandManager] Register action command extension for command remove-matcher
[2026-05-13 03:13:25Z INFO ActionCommandManager] Register action command extension for command warning
[2026-05-13 03:13:25Z INFO ActionCommandManager] Register action command extension for command error
[2026-05-13 03:13:25Z INFO ActionCommandManager] Register action command extension for command notice
[2026-05-13 03:13:25Z INFO ActionCommandManager] Register action command extension for command debug
[2026-05-13 03:13:25Z INFO ActionCommandManager] Register action command extension for command group
[2026-05-13 03:13:25Z INFO ActionCommandManager] Register action command extension for command endgroup
[2026-05-13 03:13:25Z INFO ActionCommandManager] Register action command extension for command echo
[2026-05-13 03:13:25Z INFO ScriptHandler] Which2: 'pwsh'
[2026-05-13 03:13:25Z INFO ScriptHandler] pwsh: command not found. Make sure 'pwsh' is installed and its location included in the 'Path' environment variable.
[2026-05-13 03:13:25Z INFO ScriptHandler] Defaulting to powershell
[2026-05-13 03:13:25Z INFO ScriptHandler] Which2: 'powershell'
[2026-05-13 03:13:25Z INFO ScriptHandler] Location: 'C:\WINDOWS\System32\WindowsPowerShell\v1.0\powershell.EXE'
[2026-05-13 03:13:25Z INFO HostContext] Well known directory 'Bin': 'C:\Users\usuario\Downloads\Practica6Alumnos\Practica6Alumnos\actions-runner\bin'
[2026-05-13 03:13:25Z INFO HostContext] Well known directory 'Root': 'C:\Users\usuario\Downloads\Practica6Alumnos\Practica6Alumnos\actions-runner'
[2026-05-13 03:13:25Z INFO HostContext] Well known directory 'Work': 'C:\Users\usuario\Downloads\Practica6Alumnos\Practica6Alumnos\actions-runner\_work'
[2026-05-13 03:13:25Z INFO HostContext] Well known directory 'Temp': 'C:\Users\usuario\Downloads\Practica6Alumnos\Practica6Alumnos\actions-runner\_work\_temp'
[2026-05-13 03:13:25Z INFO ScriptHandler] Which2: 'pwsh'
[2026-05-13 03:13:25Z INFO ScriptHandler] pwsh: command not found. Make sure 'pwsh' is installed and its location included in the 'Path' environment variable.
[2026-05-13 03:13:25Z INFO ScriptHandler] Defaulting to powershell
[2026-05-13 03:13:25Z INFO ScriptHandler] Which2: 'powershell'
[2026-05-13 03:13:25Z INFO ScriptHandler] Location: 'C:\WINDOWS\System32\WindowsPowerShell\v1.0\powershell.EXE'
[2026-05-13 03:13:25Z INFO ProcessInvokerWrapper] Starting process:
[2026-05-13 03:13:25Z INFO ProcessInvokerWrapper]   File name: 'C:\WINDOWS\System32\WindowsPowerShell\v1.0\powershell.EXE'
[2026-05-13 03:13:25Z INFO ProcessInvokerWrapper]   Arguments: '-command ". 'C:\Users\usuario\Downloads\Practica6Alumnos\Practica6Alumnos\actions-runner\_work\_temp\0a39c285-9b91-4173-89f3-dbcbf548f85b.ps1'"'
[2026-05-13 03:13:25Z INFO ProcessInvokerWrapper]   Working directory: 'C:\Users\usuario\Downloads\Practica6Alumnos\Practica6Alumnos\actions-runner\_work\Practica7IPS\Practica7IPS'
[2026-05-13 03:13:25Z INFO ProcessInvokerWrapper]   Require exit code zero: 'False'
[2026-05-13 03:13:25Z INFO ProcessInvokerWrapper]   Encoding web name:  ; code page: ''
[2026-05-13 03:13:25Z INFO ProcessInvokerWrapper]   Force kill process on cancellation: 'False'
[2026-05-13 03:13:25Z INFO ProcessInvokerWrapper]   Redirected STDIN: 'False'
[2026-05-13 03:13:25Z INFO ProcessInvokerWrapper]   Persist current code page: 'True'
[2026-05-13 03:13:25Z INFO ProcessInvokerWrapper]   Keep redirected STDIN open: 'False'
[2026-05-13 03:13:25Z INFO ProcessInvokerWrapper]   High priority process: 'False'
[2026-05-13 03:13:25Z INFO ProcessInvokerWrapper] Process started with process id 16928, waiting for process exit.
[2026-05-13 03:13:25Z INFO JobServerQueue] Try to append 1 batches web console lines for record 'c1651528-d8d4-4d9d-ba45-6c067594cb2f', success rate: 1/1.
[2026-05-13 03:13:25Z INFO JobServerQueue] Try to append 1 batches web console lines for record '7162b16a-fd5c-4be4-9fbd-feff40614cb3', success rate: 1/1.
[2026-05-13 03:13:25Z INFO HostContext] Well known directory 'Bin': 'C:\Users\usuario\Downloads\Practica6Alumnos\Practica6Alumnos\actions-runner\bin'
[2026-05-13 03:13:25Z INFO HostContext] Well known directory 'Root': 'C:\Users\usuario\Downloads\Practica6Alumnos\Practica6Alumnos\actions-runner'
[2026-05-13 03:13:25Z INFO HostContext] Well known directory 'Work': 'C:\Users\usuario\Downloads\Practica6Alumnos\Practica6Alumnos\actions-runner\_work'
[2026-05-13 03:13:25Z INFO ProcessInvokerWrapper] STDOUT/STDERR stream read finished.
[2026-05-13 03:13:25Z INFO ProcessInvokerWrapper] STDOUT/STDERR stream read finished.
[2026-05-13 03:13:25Z INFO ProcessInvokerWrapper] Finished process 16928 with exit code 1, and elapsed time 00:00:00.3473155.
[2026-05-13 03:13:25Z INFO CreateStepSummaryCommand] Step Summary file (C:\Users\usuario\Downloads\Practica6Alumnos\Practica6Alumnos\actions-runner\_work\_temp\_runner_file_commands\step_summary_baf0d484-a3f9-488e-ad18-773abd4b5329) is empty; skipping attachment upload
[2026-05-13 03:13:25Z INFO StepsRunner] Step result: Failed
[2026-05-13 03:13:25Z INFO ExecutionContext] Publish step telemetry for current step {
  "action": "powershell",
  "type": "run",
  "stage": "Main",
  "stepId": "7162b16a-fd5c-4be4-9fbd-feff40614cb3",
  "stepContextName": "__run",
  "result": "failed",
  "errorMessages": [
    "Process completed with exit code 1."
  ],
  "executionTimeInSeconds": 1,
  "startTime": "2026-05-13T03:13:25.3559845Z",
  "finishTime": "2026-05-13T03:13:25.7630883Z"
}.
[2026-05-13 03:13:25Z INFO StepsRunner] Update job result with current step result 'Failed'.
[2026-05-13 03:13:25Z INFO StepsRunner] Current state: job state = 'Failed'
[2026-05-13 03:13:25Z INFO StepsRunner] Processing step: DisplayName='Apply Kubernetes manifests'
[2026-05-13 03:13:25Z INFO StepsRunner] Evaluating: success()
[2026-05-13 03:13:25Z INFO StepsRunner] Result: false
[2026-05-13 03:13:25Z INFO StepsRunner] Skipping step due to condition evaluation.
[2026-05-13 03:13:25Z INFO StepsRunner] No need for updating job result with current step result 'Skipped'.
[2026-05-13 03:13:25Z INFO StepsRunner] Current state: job state = 'Failed'
[2026-05-13 03:13:25Z INFO StepsRunner] Processing step: DisplayName='Wait for rollout to complete'
[2026-05-13 03:13:25Z INFO StepsRunner] Evaluating: success()
[2026-05-13 03:13:25Z INFO StepsRunner] Result: false
[2026-05-13 03:13:25Z INFO StepsRunner] Skipping step due to condition evaluation.
[2026-05-13 03:13:25Z INFO StepsRunner] No need for updating job result with current step result 'Skipped'.
[2026-05-13 03:13:25Z INFO StepsRunner] Current state: job state = 'Failed'
[2026-05-13 03:13:25Z INFO StepsRunner] Processing step: DisplayName='Show deployment status'
[2026-05-13 03:13:25Z INFO StepsRunner] Evaluating: success()
[2026-05-13 03:13:25Z INFO StepsRunner] Result: false
[2026-05-13 03:13:25Z INFO StepsRunner] Skipping step due to condition evaluation.
[2026-05-13 03:13:25Z INFO StepsRunner] No need for updating job result with current step result 'Skipped'.
[2026-05-13 03:13:25Z INFO StepsRunner] Current state: job state = 'Failed'
[2026-05-13 03:13:25Z INFO StepsRunner] Processing step: DisplayName='Post Checkout repository'
[2026-05-13 03:13:25Z INFO StepsRunner] Evaluating: always()
[2026-05-13 03:13:25Z INFO StepsRunner] Result: true
[2026-05-13 03:13:25Z INFO StepsRunner] Starting the step.
[2026-05-13 03:13:25Z INFO HostContext] Well known directory 'Bin': 'C:\Users\usuario\Downloads\Practica6Alumnos\Practica6Alumnos\actions-runner\bin'
[2026-05-13 03:13:25Z INFO HostContext] Well known directory 'Root': 'C:\Users\usuario\Downloads\Practica6Alumnos\Practica6Alumnos\actions-runner'
[2026-05-13 03:13:25Z INFO HostContext] Well known directory 'Work': 'C:\Users\usuario\Downloads\Practica6Alumnos\Practica6Alumnos\actions-runner\_work'
[2026-05-13 03:13:25Z INFO StepsRunner] Which2: 'chcp'
[2026-05-13 03:13:25Z INFO StepsRunner] Location: 'C:\WINDOWS\system32\chcp.COM'
[2026-05-13 03:13:25Z INFO ProcessInvokerWrapper] Starting process:
[2026-05-13 03:13:25Z INFO ProcessInvokerWrapper]   File name: 'C:\WINDOWS\system32\chcp.COM'
[2026-05-13 03:13:25Z INFO ProcessInvokerWrapper]   Arguments: '65001'
[2026-05-13 03:13:25Z INFO ProcessInvokerWrapper]   Working directory: 'C:\Users\usuario\Downloads\Practica6Alumnos\Practica6Alumnos\actions-runner\_work'
[2026-05-13 03:13:25Z INFO ProcessInvokerWrapper]   Require exit code zero: 'False'
[2026-05-13 03:13:25Z INFO ProcessInvokerWrapper]   Encoding web name:  ; code page: ''
[2026-05-13 03:13:25Z INFO ProcessInvokerWrapper]   Force kill process on cancellation: 'False'
[2026-05-13 03:13:25Z INFO ProcessInvokerWrapper]   Redirected STDIN: 'False'
[2026-05-13 03:13:25Z INFO ProcessInvokerWrapper]   Persist current code page: 'True'
[2026-05-13 03:13:25Z INFO ProcessInvokerWrapper]   Keep redirected STDIN open: 'False'
[2026-05-13 03:13:25Z INFO ProcessInvokerWrapper]   High priority process: 'False'
[2026-05-13 03:13:25Z INFO ProcessInvokerWrapper] Process started with process id 15584, waiting for process exit.
[2026-05-13 03:13:25Z INFO ProcessInvokerWrapper] STDOUT/STDERR stream read finished.
[2026-05-13 03:13:25Z INFO ProcessInvokerWrapper] STDOUT/STDERR stream read finished.
[2026-05-13 03:13:25Z INFO ProcessInvokerWrapper] Finished process 15584 with exit code 0, and elapsed time 00:00:00.0140725.
[2026-05-13 03:13:25Z INFO StepsRunner] Successfully returned to code page 65001 (UTF8)
[2026-05-13 03:13:25Z INFO HostContext] Well known directory 'Bin': 'C:\Users\usuario\Downloads\Practica6Alumnos\Practica6Alumnos\actions-runner\bin'
[2026-05-13 03:13:25Z INFO HostContext] Well known directory 'Root': 'C:\Users\usuario\Downloads\Practica6Alumnos\Practica6Alumnos\actions-runner'
[2026-05-13 03:13:25Z INFO HostContext] Well known directory 'Work': 'C:\Users\usuario\Downloads\Practica6Alumnos\Practica6Alumnos\actions-runner\_work'
[2026-05-13 03:13:25Z INFO HostContext] Well known directory 'Actions': 'C:\Users\usuario\Downloads\Practica6Alumnos\Practica6Alumnos\actions-runner\_work\_actions'
[2026-05-13 03:13:25Z INFO ActionManager] Load action that reference repository from 'C:\Users\usuario\Downloads\Practica6Alumnos\Practica6Alumnos\actions-runner\_work\_actions\actions\checkout\v4'
[2026-05-13 03:13:25Z INFO HostContext] Well known directory 'Bin': 'C:\Users\usuario\Downloads\Practica6Alumnos\Practica6Alumnos\actions-runner\bin'
[2026-05-13 03:13:25Z INFO HostContext] Well known directory 'Root': 'C:\Users\usuario\Downloads\Practica6Alumnos\Practica6Alumnos\actions-runner'
[2026-05-13 03:13:25Z INFO HostContext] Well known directory 'Work': 'C:\Users\usuario\Downloads\Practica6Alumnos\Practica6Alumnos\actions-runner\_work'
[2026-05-13 03:13:25Z INFO HostContext] Well known directory 'Actions': 'C:\Users\usuario\Downloads\Practica6Alumnos\Practica6Alumnos\actions-runner\_work\_actions'
[2026-05-13 03:13:25Z INFO ActionManifestManagerLegacy] Loaded action.yml file: {
  "name": "Checkout",
  "description": "Checkout a Git repository at a particular version",
  "inputs": {
    "type": 2,
    "map": [
      {
        "key": {
          "type": 0,
          "file": 2,
          "line": 4,
          "col": 3,
          "lit": "repository"
        },
        "value": {
          "type": 3,
          "file": 2,
          "line": 6,
          "col": 14,
          "expr": "github.repository"
        }
      },
      {
        "key": {
          "type": 0,
          "file": 2,
          "line": 7,
          "col": 3,
          "lit": "ref"
        },
        "value": ""
      },
      {
        "key": {
          "type": 0,
          "file": 2,
          "line": 12,
          "col": 3,
          "lit": "token"
        },
        "value": {
          "type": 3,
          "file": 2,
          "line": 24,
          "col": 14,
          "expr": "github.token"
        }
      },
      {
        "key": {
          "type": 0,
          "file": 2,
          "line": 25,
          "col": 3,
          "lit": "ssh-key"
        },
        "value": ""
      },
      {
        "key": {
          "type": 0,
          "file": 2,
          "line": 37,
          "col": 3,
          "lit": "ssh-known-hosts"
        },
        "value": ""
      },
      {
        "key": {
          "type": 0,
          "file": 2,
          "line": 42,
          "col": 3,
          "lit": "ssh-strict"
        },
        "value": {
          "type": 0,
          "file": 2,
          "line": 47,
          "col": 14,
          "lit": "true"
        }
      },
      {
        "key": {
          "type": 0,
          "file": 2,
          "line": 48,
          "col": 3,
          "lit": "ssh-user"
        },
        "value": {
          "type": 0,
          "file": 2,
          "line": 51,
          "col": 14,
          "lit": "git"
        }
      },
      {
        "key": {
          "type": 0,
          "file": 2,
          "line": 52,
          "col": 3,
          "lit": "persist-credentials"
        },
        "value": {
          "type": 0,
          "file": 2,
          "line": 54,
          "col": 14,
          "lit": "true"
        }
      },
      {
        "key": {
          "type": 0,
          "file": 2,
          "line": 55,
          "col": 3,
          "lit": "path"
        },
        "value": ""
      },
      {
        "key": {
          "type": 0,
          "file": 2,
          "line": 57,
          "col": 3,
          "lit": "clean"
        },
        "value": {
          "type": 0,
          "file": 2,
          "line": 59,
          "col": 14,
          "lit": "true"
        }
      },
      {
        "key": {
          "type": 0,
          "file": 2,
          "line": 60,
          "col": 3,
          "lit": "filter"
        },
        "value": {
          "type": 0,
          "file": 2,
          "line": 64,
          "col": 14,
          "lit": ""
        }
      },
      {
        "key": {
          "type": 0,
          "file": 2,
          "line": 65,
          "col": 3,
          "lit": "sparse-checkout"
        },
        "value": {
          "type": 0,
          "file": 2,
          "line": 69,
          "col": 14,
          "lit": ""
        }
      },
      {
        "key": {
          "type": 0,
          "file": 2,
          "line": 70,
          "col": 3,
          "lit": "sparse-checkout-cone-mode"
        },
        "value": {
          "type": 0,
          "file": 2,
          "line": 73,
          "col": 14,
          "lit": "true"
        }
      },
      {
        "key": {
          "type": 0,
          "file": 2,
          "line": 74,
          "col": 3,
          "lit": "fetch-depth"
        },
        "value": {
          "type": 0,
          "file": 2,
          "line": 76,
          "col": 14,
          "lit": "1"
        }
      },
      {
        "key": {
          "type": 0,
          "file": 2,
          "line": 77,
          "col": 3,
          "lit": "fetch-tags"
        },
        "value": {
          "type": 0,
          "file": 2,
          "line": 79,
          "col": 14,
          "lit": "false"
        }
      },
      {
        "key": {
          "type": 0,
          "file": 2,
          "line": 80,
          "col": 3,
          "lit": "show-progress"
        },
        "value": {
          "type": 0,
          "file": 2,
          "line": 82,
          "col": 14,
          "lit": "true"
        }
      },
      {
        "key": {
          "type": 0,
          "file": 2,
          "line": 83,
          "col": 3,
          "lit": "lfs"
        },
        "value": {
          "type": 0,
          "file": 2,
          "line": 85,
          "col": 14,
          "lit": "false"
        }
      },
      {
        "key": {
          "type": 0,
          "file": 2,
          "line": 86,
          "col": 3,
          "lit": "submodules"
        },
        "value": {
          "type": 0,
          "file": 2,
          "line": 94,
          "col": 14,
          "lit": "false"
        }
      },
      {
        "key": {
          "type": 0,
          "file": 2,
          "line": 95,
          "col": 3,
          "lit": "set-safe-directory"
        },
        "value": {
          "type": 0,
          "file": 2,
          "line": 97,
          "col": 14,
          "lit": "true"
        }
      },
      {
        "key": {
          "type": 0,
          "file": 2,
          "line": 98,
          "col": 3,
          "lit": "github-server-url"
        },
        "value": ""
      }
    ]
  },
  "execution": {
    "executionType": "nodeJS",
    "hasPre": false,
    "hasPost": true,
    "script": "dist/index.js",
    "pre": null,
    "post": "dist/index.js",
    "nodeVersion": "node20",
    "cleanupCondition": "always()",
    "initCondition": "always()"
  },
  "deprecated": null
}
[2026-05-13 03:13:25Z INFO ActionManager] Action pre node.js file: N/A.
[2026-05-13 03:13:25Z INFO ActionManager] Action node.js file: dist/index.js.
[2026-05-13 03:13:25Z INFO ActionManager] Action post node.js file: dist/index.js.
[2026-05-13 03:13:25Z INFO HostContext] Well known directory 'Bin': 'C:\Users\usuario\Downloads\Practica6Alumnos\Practica6Alumnos\actions-runner\bin'
[2026-05-13 03:13:25Z INFO HostContext] Well known directory 'Root': 'C:\Users\usuario\Downloads\Practica6Alumnos\Practica6Alumnos\actions-runner'
[2026-05-13 03:13:25Z INFO HostContext] Well known directory 'Work': 'C:\Users\usuario\Downloads\Practica6Alumnos\Practica6Alumnos\actions-runner\_work'
[2026-05-13 03:13:25Z INFO HostContext] Well known directory 'Temp': 'C:\Users\usuario\Downloads\Practica6Alumnos\Practica6Alumnos\actions-runner\_work\_temp'
[2026-05-13 03:13:25Z INFO ExecutionContext] Write event payload to C:\Users\usuario\Downloads\Practica6Alumnos\Practica6Alumnos\actions-runner\_work\_temp\_github_workflow\event.json
[2026-05-13 03:13:25Z INFO HostContext] Well known directory 'Bin': 'C:\Users\usuario\Downloads\Practica6Alumnos\Practica6Alumnos\actions-runner\bin'
[2026-05-13 03:13:25Z INFO HostContext] Well known directory 'Root': 'C:\Users\usuario\Downloads\Practica6Alumnos\Practica6Alumnos\actions-runner'
[2026-05-13 03:13:25Z INFO HostContext] Well known directory 'Work': 'C:\Users\usuario\Downloads\Practica6Alumnos\Practica6Alumnos\actions-runner\_work'
[2026-05-13 03:13:25Z INFO HostContext] Well known directory 'Temp': 'C:\Users\usuario\Downloads\Practica6Alumnos\Practica6Alumnos\actions-runner\_work\_temp'
[2026-05-13 03:13:25Z INFO ExtensionManager] Getting extensions for interface: 'GitHub.Runner.Worker.IFileCommandExtension'
[2026-05-13 03:13:25Z INFO ActionManifestManagerLegacy] Input 'repository': default value evaluate result: {
  "type": 0,
  "file": 2,
  "line": 6,
  "col": 14,
  "lit": "***/Practica7IPS"
}
[2026-05-13 03:13:25Z INFO ActionManifestManagerLegacy] Input 'ref': default value evaluate result: ""
[2026-05-13 03:13:25Z INFO ActionManifestManagerLegacy] Input 'token': default value evaluate result: {
  "type": 0,
  "file": 2,
  "line": 24,
  "col": 14,
  "lit": "***"
}
[2026-05-13 03:13:25Z INFO ActionManifestManagerLegacy] Input 'ssh-key': default value evaluate result: ""
[2026-05-13 03:13:25Z INFO ActionManifestManagerLegacy] Input 'ssh-known-hosts': default value evaluate result: ""
[2026-05-13 03:13:25Z INFO ActionManifestManagerLegacy] Input 'ssh-strict': default value evaluate result: {
  "type": 0,
  "file": 2,
  "line": 47,
  "col": 14,
  "lit": "true"
}
[2026-05-13 03:13:25Z INFO ActionManifestManagerLegacy] Input 'ssh-user': default value evaluate result: {
  "type": 0,
  "file": 2,
  "line": 51,
  "col": 14,
  "lit": "git"
}
[2026-05-13 03:13:25Z INFO ActionManifestManagerLegacy] Input 'persist-credentials': default value evaluate result: {
  "type": 0,
  "file": 2,
  "line": 54,
  "col": 14,
  "lit": "true"
}
[2026-05-13 03:13:25Z INFO ActionManifestManagerLegacy] Input 'path': default value evaluate result: ""
[2026-05-13 03:13:25Z INFO ActionManifestManagerLegacy] Input 'clean': default value evaluate result: {
  "type": 0,
  "file": 2,
  "line": 59,
  "col": 14,
  "lit": "true"
}
[2026-05-13 03:13:25Z INFO ActionManifestManagerLegacy] Input 'filter': default value evaluate result: {
  "type": 0,
  "file": 2,
  "line": 64,
  "col": 14,
  "lit": ""
}
[2026-05-13 03:13:25Z INFO ActionManifestManagerLegacy] Input 'sparse-checkout': default value evaluate result: {
  "type": 0,
  "file": 2,
  "line": 69,
  "col": 14,
  "lit": ""
}
[2026-05-13 03:13:25Z INFO ActionManifestManagerLegacy] Input 'sparse-checkout-cone-mode': default value evaluate result: {
  "type": 0,
  "file": 2,
  "line": 73,
  "col": 14,
  "lit": "true"
}
[2026-05-13 03:13:25Z INFO ActionManifestManagerLegacy] Input 'fetch-depth': default value evaluate result: {
  "type": 0,
  "file": 2,
  "line": 76,
  "col": 14,
  "lit": "1"
}
[2026-05-13 03:13:25Z INFO ActionManifestManagerLegacy] Input 'fetch-tags': default value evaluate result: {
  "type": 0,
  "file": 2,
  "line": 79,
  "col": 14,
  "lit": "false"
}
[2026-05-13 03:13:25Z INFO ActionManifestManagerLegacy] Input 'show-progress': default value evaluate result: {
  "type": 0,
  "file": 2,
  "line": 82,
  "col": 14,
  "lit": "true"
}
[2026-05-13 03:13:25Z INFO ActionManifestManagerLegacy] Input 'lfs': default value evaluate result: {
  "type": 0,
  "file": 2,
  "line": 85,
  "col": 14,
  "lit": "false"
}
[2026-05-13 03:13:25Z INFO ActionManifestManagerLegacy] Input 'submodules': default value evaluate result: {
  "type": 0,
  "file": 2,
  "line": 94,
  "col": 14,
  "lit": "false"
}
[2026-05-13 03:13:25Z INFO ActionManifestManagerLegacy] Input 'set-safe-directory': default value evaluate result: {
  "type": 0,
  "file": 2,
  "line": 97,
  "col": 14,
  "lit": "true"
}
[2026-05-13 03:13:25Z INFO ActionManifestManagerLegacy] Input 'github-server-url': default value evaluate result: ""
[2026-05-13 03:13:25Z INFO ExtensionManager] Getting extensions for interface: 'GitHub.Runner.Worker.IActionCommandExtension'
[2026-05-13 03:13:25Z INFO ActionCommandManager] Register action command extension for command internal-set-repo-path
[2026-05-13 03:13:25Z INFO ActionCommandManager] Register action command extension for command set-env
[2026-05-13 03:13:25Z INFO ActionCommandManager] Register action command extension for command set-output
[2026-05-13 03:13:25Z INFO ActionCommandManager] Register action command extension for command save-state
[2026-05-13 03:13:25Z INFO ActionCommandManager] Register action command extension for command add-path
[2026-05-13 03:13:25Z INFO ActionCommandManager] Register action command extension for command add-mask
[2026-05-13 03:13:25Z INFO ActionCommandManager] Register action command extension for command add-matcher
[2026-05-13 03:13:25Z INFO ActionCommandManager] Register action command extension for command remove-matcher
[2026-05-13 03:13:25Z INFO ActionCommandManager] Register action command extension for command warning
[2026-05-13 03:13:25Z INFO ActionCommandManager] Register action command extension for command error
[2026-05-13 03:13:25Z INFO ActionCommandManager] Register action command extension for command notice
[2026-05-13 03:13:25Z INFO ActionCommandManager] Register action command extension for command debug
[2026-05-13 03:13:25Z INFO ActionCommandManager] Register action command extension for command group
[2026-05-13 03:13:25Z INFO ActionCommandManager] Register action command extension for command endgroup
[2026-05-13 03:13:25Z INFO ActionCommandManager] Register action command extension for command echo
[2026-05-13 03:13:25Z INFO HostContext] Well known directory 'Bin': 'C:\Users\usuario\Downloads\Practica6Alumnos\Practica6Alumnos\actions-runner\bin'
[2026-05-13 03:13:25Z INFO HostContext] Well known directory 'Root': 'C:\Users\usuario\Downloads\Practica6Alumnos\Practica6Alumnos\actions-runner'
[2026-05-13 03:13:25Z INFO HostContext] Well known directory 'Externals': 'C:\Users\usuario\Downloads\Practica6Alumnos\Practica6Alumnos\actions-runner\externals'
[2026-05-13 03:13:25Z INFO ProcessInvokerWrapper] Starting process:
[2026-05-13 03:13:25Z INFO ProcessInvokerWrapper]   File name: 'C:\Users\usuario\Downloads\Practica6Alumnos\Practica6Alumnos\actions-runner\externals\node20\bin\node.exe'
[2026-05-13 03:13:25Z INFO ProcessInvokerWrapper]   Arguments: '"C:\Users\usuario\Downloads\Practica6Alumnos\Practica6Alumnos\actions-runner\_work\_actions\actions\checkout\v4\dist/index.js"'
[2026-05-13 03:13:25Z INFO ProcessInvokerWrapper]   Working directory: 'C:\Users\usuario\Downloads\Practica6Alumnos\Practica6Alumnos\actions-runner\_work\Practica7IPS\Practica7IPS'
[2026-05-13 03:13:25Z INFO ProcessInvokerWrapper]   Require exit code zero: 'False'
[2026-05-13 03:13:25Z INFO ProcessInvokerWrapper]   Encoding web name: utf-8 ; code page: '65001'
[2026-05-13 03:13:25Z INFO ProcessInvokerWrapper]   Force kill process on cancellation: 'False'
[2026-05-13 03:13:25Z INFO ProcessInvokerWrapper]   Redirected STDIN: 'False'
[2026-05-13 03:13:25Z INFO ProcessInvokerWrapper]   Persist current code page: 'True'
[2026-05-13 03:13:25Z INFO ProcessInvokerWrapper]   Keep redirected STDIN open: 'False'
[2026-05-13 03:13:25Z INFO ProcessInvokerWrapper]   High priority process: 'False'
[2026-05-13 03:13:25Z INFO ProcessInvokerWrapper] Process started with process id 8592, waiting for process exit.
[2026-05-13 03:13:25Z INFO JobServerQueue] Try to append 1 batches web console lines for record '7162b16a-fd5c-4be4-9fbd-feff40614cb3', success rate: 1/1.
[2026-05-13 03:13:25Z INFO JobServerQueue] Try to append 1 batches web console lines for record '2a724ac5-307c-4c72-8c03-2b385b19f7a8', success rate: 1/1.
[2026-05-13 03:13:25Z INFO JobServerQueue] Got a step log file to send to results service.
[2026-05-13 03:13:25Z INFO JobServerQueue] Starting upload of step log file to results service ResultsLog, C:\Users\usuario\Downloads\Practica6Alumnos\Practica6Alumnos\actions-runner\_diag\blocks\41b84b2e-6ea6-4c01-b213-066fe4a3dfce_c1651528-d8d4-4d9d-ba45-6c067594cb2f.1
[2026-05-13 03:13:26Z INFO JobServerQueue] Try to append 1 batches web console lines for record '2a724ac5-307c-4c72-8c03-2b385b19f7a8', success rate: 1/1.
[2026-05-13 03:13:26Z INFO AddMaskCommandExtension] Add new secret mask with length of 32
[2026-05-13 03:13:26Z INFO JobServerQueue] Try to upload 2 log files or attachments, success rate: 2/2.
[2026-05-13 03:13:26Z INFO JobServerQueue] Got a step log file to send to results service.
[2026-05-13 03:13:26Z INFO JobServerQueue] Starting upload of step log file to results service ResultsLog, C:\Users\usuario\Downloads\Practica6Alumnos\Practica6Alumnos\actions-runner\_diag\blocks\41b84b2e-6ea6-4c01-b213-066fe4a3dfce_7162b16a-fd5c-4be4-9fbd-feff40614cb3.1
[2026-05-13 03:13:26Z INFO JobServerQueue] Try to append 1 batches web console lines for record '2a724ac5-307c-4c72-8c03-2b385b19f7a8', success rate: 1/1.
[2026-05-13 03:13:26Z INFO JobServerQueue] Tried to upload 2 file(s) to results, success rate: 2/2.
[2026-05-13 03:13:27Z INFO ProcessInvokerWrapper] STDOUT/STDERR stream read finished.
[2026-05-13 03:13:27Z INFO ProcessInvokerWrapper] STDOUT/STDERR stream read finished.
[2026-05-13 03:13:27Z INFO ProcessInvokerWrapper] Finished process 8592 with exit code 0, and elapsed time 00:00:01.5021661.
[2026-05-13 03:13:27Z INFO CreateStepSummaryCommand] Step Summary file (C:\Users\usuario\Downloads\Practica6Alumnos\Practica6Alumnos\actions-runner\_work\_temp\_runner_file_commands\step_summary_3db15fd2-d294-48c2-8f04-94bb3e58e7d0) is empty; skipping attachment upload
[2026-05-13 03:13:27Z INFO StepsRunner] Step result: 
[2026-05-13 03:13:27Z INFO ExecutionContext] Publish step telemetry for current step {
  "action": "actions/checkout",
  "ref": "v4",
  "type": "node20",
  "stage": "Post",
  "stepId": "2a724ac5-307c-4c72-8c03-2b385b19f7a8",
  "result": "succeeded",
  "errorMessages": [
    "The process 'C:\\Program Files\\Git\\cmd\\git.exe' failed with exit code 128"
  ],
  "executionTimeInSeconds": 2,
  "startTime": "2026-05-13T03:13:25.7679492Z",
  "finishTime": "2026-05-13T03:13:27.3061201Z"
}.
[2026-05-13 03:13:27Z INFO StepsRunner] No need for updating job result with current step result 'Succeeded'.
[2026-05-13 03:13:27Z INFO StepsRunner] Current state: job state = 'Failed'
[2026-05-13 03:13:27Z INFO JobRunner] Finalize job.
[2026-05-13 03:13:27Z INFO HostContext] Well known directory 'Bin': 'C:\Users\usuario\Downloads\Practica6Alumnos\Practica6Alumnos\actions-runner\bin'
[2026-05-13 03:13:27Z INFO HostContext] Well known directory 'Root': 'C:\Users\usuario\Downloads\Practica6Alumnos\Practica6Alumnos\actions-runner'
[2026-05-13 03:13:27Z INFO HostContext] Well known directory 'Diag': 'C:\Users\usuario\Downloads\Practica6Alumnos\Practica6Alumnos\actions-runner\_diag'
[2026-05-13 03:13:27Z INFO HostContext] Well known directory 'Bin': 'C:\Users\usuario\Downloads\Practica6Alumnos\Practica6Alumnos\actions-runner\bin'
[2026-05-13 03:13:27Z INFO HostContext] Well known directory 'Root': 'C:\Users\usuario\Downloads\Practica6Alumnos\Practica6Alumnos\actions-runner'
[2026-05-13 03:13:27Z INFO HostContext] Well known directory 'Diag': 'C:\Users\usuario\Downloads\Practica6Alumnos\Practica6Alumnos\actions-runner\_diag'
[2026-05-13 03:13:27Z INFO JobExtension] Initialize Env context
[2026-05-13 03:13:27Z INFO JobExtension] Initialize steps context
[2026-05-13 03:13:27Z INFO JobExtension] Total accessible running process: 331.
[2026-05-13 03:13:27Z INFO JobExtension] Inspecting process environment variables. PID: 18312 (git)
[2026-05-13 03:13:27Z INFO JobExtension] Inspecting process environment variables. PID: 19724 (conhost)
[2026-05-13 03:13:27Z INFO JobExtension] Inspecting process environment variables. PID: 6164 (git)
[2026-05-13 03:13:27Z INFO JobExtension] Inspecting process environment variables. PID: 18800 (git)
[2026-05-13 03:13:27Z INFO JobExtension] Wait for all connectivity checks to finish.
[2026-05-13 03:13:27Z INFO JobExtension] Connectivity check result: GitHub.Runner.Worker.JobExtension+CheckResult
[2026-05-13 03:13:27Z INFO JobExtension] Connectivity check result: GitHub.Runner.Worker.JobExtension+CheckResult
[2026-05-13 03:13:27Z INFO JobExtension] Connectivity check result: GitHub.Runner.Worker.JobExtension+CheckResult
[2026-05-13 03:13:27Z INFO ExecutionContext] Publish step telemetry for current step {
  "action": "complete_job",
  "type": "runner",
  "stage": "Post",
  "stepId": "bfbf8334-0ee5-4c0b-a356-af8238b68ef5",
  "result": "succeeded",
  "errorMessages": [
    "Node.js 20 actions are deprecated. The following actions are running on Node.js 20 and may not work as expected: actions/checkout@v4. Actions will be forced to run with Node.js 24 by default starting June 2nd, 2026. Node.js 20 will be removed from the runn"
  ],
  "executionTimeInSeconds": 1,
  "startTime": "2026-05-13T03:13:27.3147455Z",
  "finishTime": "2026-05-13T03:13:27.3458227Z"
}.
[2026-05-13 03:13:27Z INFO JobRunner] Job result after all job steps finish: Failed
[2026-05-13 03:13:27Z INFO JobRunner] Completing the job execution context.
[2026-05-13 03:13:27Z INFO JobRunner] Shutting down the job server queue.
[2026-05-13 03:13:27Z INFO JobServerQueue] Fire signal to shutdown all queues.
[2026-05-13 03:13:28Z INFO JobServerQueue] All queue process task stopped.
[2026-05-13 03:13:28Z INFO JobServerQueue] Try to append 1 batches web console lines for record '2a724ac5-307c-4c72-8c03-2b385b19f7a8', success rate: 1/1.
[2026-05-13 03:13:28Z INFO JobServerQueue] Try to append 1 batches web console lines for record 'bfbf8334-0ee5-4c0b-a356-af8238b68ef5', success rate: 1/1.
[2026-05-13 03:13:28Z INFO JobServerQueue] Web console line queue drained.
[2026-05-13 03:13:28Z INFO JobServerQueue] Uploading 3 files in one shot.
[2026-05-13 03:13:28Z INFO JobServerQueue] Try to upload 3 log files or attachments, success rate: 3/3.
[2026-05-13 03:13:28Z INFO JobServerQueue] File upload queue drained.
[2026-05-13 03:13:28Z INFO JobServerQueue] Starting results-based upload queue...
[2026-05-13 03:13:28Z INFO JobServerQueue] Uploading 3 file(s) in one shot through results service.
[2026-05-13 03:13:28Z INFO JobServerQueue] Got a step log file to send to results service.
[2026-05-13 03:13:28Z INFO JobServerQueue] Starting upload of step log file to results service ResultsLog, C:\Users\usuario\Downloads\Practica6Alumnos\Practica6Alumnos\actions-runner\_diag\blocks\41b84b2e-6ea6-4c01-b213-066fe4a3dfce_2a724ac5-307c-4c72-8c03-2b385b19f7a8.1
[2026-05-13 03:13:28Z INFO JobServerQueue] Got a step log file to send to results service.
[2026-05-13 03:13:28Z INFO JobServerQueue] Starting upload of step log file to results service ResultsLog, C:\Users\usuario\Downloads\Practica6Alumnos\Practica6Alumnos\actions-runner\_diag\blocks\41b84b2e-6ea6-4c01-b213-066fe4a3dfce_bfbf8334-0ee5-4c0b-a356-af8238b68ef5.1
[2026-05-13 03:13:28Z INFO JobServerQueue] Got a job log file to send to results service.
[2026-05-13 03:13:28Z INFO JobServerQueue] Starting upload of job log file to results service ResultsLog, C:\Users\usuario\Downloads\Practica6Alumnos\Practica6Alumnos\actions-runner\_diag\blocks\41b84b2e-6ea6-4c01-b213-066fe4a3dfce_666059a0-8dba-5b8b-97cc-17442a980b66.1
[2026-05-13 03:13:29Z INFO JobServerQueue] Tried to upload 3 file(s) to results, success rate: 3/3.
[2026-05-13 03:13:29Z INFO JobServerQueue] Results upload queue drained.
[2026-05-13 03:13:29Z INFO JobServerQueue] Timeline update queue drained.
[2026-05-13 03:13:29Z INFO JobServerQueue] Disposing job server ...
[2026-05-13 03:13:29Z INFO JobServerQueue] Disposing results server ...
[2026-05-13 03:13:29Z INFO JobServerQueue] All queue process tasks have been stopped, and all queues are drained.
[2026-05-13 03:13:29Z INFO TempDirectoryManager] Cleaning runner temp folder: C:\Users\usuario\Downloads\Practica6Alumnos\Practica6Alumnos\actions-runner\_work\_temp
[2026-05-13 03:13:29Z INFO HostContext] Well known directory 'Bin': 'C:\Users\usuario\Downloads\Practica6Alumnos\Practica6Alumnos\actions-runner\bin'
[2026-05-13 03:13:29Z INFO HostContext] Well known directory 'Root': 'C:\Users\usuario\Downloads\Practica6Alumnos\Practica6Alumnos\actions-runner'
[2026-05-13 03:13:29Z INFO HostContext] Well known directory 'Diag': 'C:\Users\usuario\Downloads\Practica6Alumnos\Practica6Alumnos\actions-runner\_diag'
[2026-05-13 03:13:29Z INFO HostContext] Well known config file 'Telemetry': 'C:\Users\usuario\Downloads\Practica6Alumnos\Practica6Alumnos\actions-runner\_diag\.telemetry'
[2026-05-13 03:13:29Z INFO JobRunner] Raising job completed against run service
[2026-05-13 03:13:29Z INFO Worker] Job completed.
